text,clean_text,label
"Solusi praktis khusus pemegang kartu kredit nikmati kemudahan Kredit Tanpa agunan 5 - 150jt dgn max pinj 5 X limit, HUB FANY 02194521396 ( abaikan jika tdk berminat )",solusi praktis khusus pemegang kartu kredit nikmati kemudahan kredit tanpa agunan 5 150jt dengan max pinj 5 x limit hubungi fany 02194521396 abaikan jika tidak berminat,1
"Slmt_No. Anda Mndptkn Hadiah ""GRAND PRIZE"" Uang 'Rp.100jt,dr TELKOMSEL poin No.PIN-25g47jk Hub Call Center 081233303888 Pengirim : T-Sel",selamat no anda mndptkn hadiah grand prize uang rupiah 100jt dari telkomsel poin no pin 25g47jk hubungi call center 0812330388 pengirim t sel,1
Masih ingat dengan Warkop DKI ? Dapatkan NSP nya GRATIS dengan akses ke *600# dan dapatkan promo gratis lainnya sesuai dengan hobimu!,masih ingat dengan warkop dki dapatkan nsp nya gratis dengan akses ke 600 dan dapatkan promo gratis lainnya sesuai dengan hobimu,1
Ko gtu ya parah bgt masa jam kerja ngeroko. Biar dapet inspirasi meren ya,ko gtu ya parah banget masa jam kerja ngeroko biar dapet inspirasi meren ya,0
Maaf kami sudah menghubungi tapi tidak tersambung No Anda meraih hadiah ke-2 dr. PT.MKIOS pin Anda M248K81 cek pin Anda di. www.pusat-m-kios7.blogspot.com,maaf kami sudah menghubungi tapi tidak tersambung no anda meraih hadiah ke 2 dari pt mkios pin anda m248k81 cek pin anda di link,1
"GRATIS PULSA hingga 250rb selama 7Hari 7Malam CUMA dg isi ulang mulai 10rb. Daftar SEGERA, ketik: GRATIS krm ke123(Reg ckp 1kali)Info: ketik INFO krm ke 123",gratis pulsa hingga 250rb selama 7hari 7malam cuma dg isi ulang mulai 10rb daftar segera ketik gratis krm ke123 reg ckp 1kali informasi ketik informasi krm ke 123,1
Guys numpang promosi bisi ada yg butuh..  Dijual MacBook Air Layar 11inch Ram 4gb Ssd 128gb Garansi sisa 5 bulan Dijual karena jarang di pake..  Harga PM ,guys numpang promosi bisi ada yang butuh dijual macbook air layar 11inch ram 4gb ssd 128gb garansi sisa 5 bulan dijual karena jarang di pake harga pm,0
Aku teh cuma bawa celana jeans yg tua tp jilbabnya yg muda -_-,saya teh cuma bawa celana jeans yang tua tp jilbabnya yang muda,0
"Nasabah YTH, rekening BTPN Wow! Anda sudah aktif. Lakukan transaksi melalui *247# menggunakan PIN rahasia Anda. Info hub 1500300.",nasabah yang terhormat rekening btpn wow anda sudah aktif lakukan transaksi melalui 247 menggunakan pin rahasia anda informasi hubungi 1500300,1
Jadi kapan kita meet upnyaa nih temaan temaan?,jadi kapan kita meet upnyaa ini temaan temaan,0
"Saya buat banyak seri untuk PG, oleh karena itu jangan terlalu berharap bisa lihat punya teman (mungkin ini penyebab nilai PG jeblok kemarin?), waktunya akan terbatas dan ruangannya kita pake yg besar.",saya untuk banyak seri untuk pg oleh karena itu jangan terlalu berharap bisa lihat punya teman mungkin ini penyebab nilai pg jeblok kemarin waktunya akan terbatas dan ruangannya kita pake yang besar,0
"Assalamualaikum akang teteh, jangan lupa ya hari ini ada carrier day jam 10:30, exhibition fpmipa b :) (love) Hayuu teh ditungguuu",assalamualaikum akang teteh jangan lupa ya hari ini ada carrier day jam 10 30 exhibition fpmipa b love hayuu teh ditungguu,0
Pak saya pake yang 6.0 malah bingung pak,pak saya pake yang 6 0 malah bingung pak,0
"Kejutan POIN, hadian Rp 15 jt resmi diberikan untuk pemilik nomor 0812330xxxx. PIN-x7af2547. Untuk Info Kantor Pusat TELKOMSEL 021-23867047, 021-23867048.",kejutan poin hadian rupiah 15 juta resmi diberikan untuk pemilik nomor 0812330xx pin x7af2547 untuk informasi kantor pusat telkomsel 021 23867047 021 23867048,1
Nomor OTP anda adalah [8874] -Telkomsel-,nomor otp anda adalah 8874 telkomsel,0
Paket 1.5GB berhasil diaktifkan. Restart hape kamu utk dpt menikmati kuota internetan selama 90hari. Cek sisa kuota di *557*8#,paket 1 5gb berhasil diaktifkan restart hape kamu untuk dapat menikmati kuota internetan selama 90hari cek sisa kuota di 557 8,1
Mainkan terus gamesmu & beli sebanyak2nya apps/in-apps di Google Play Store,mainkan terus gamesmu beli sebanyak2nya apps in apps di google play store,1
Makasih gais doakan kami yg masih berjuang ya 💪,makasih gais doakan kami yang masih berjuang ya,0
PT.MTRONIK Berkah isi ulang pulsa m.tronik no. anda m-dptkan hadiah ke-2 dengan pin pemenang(25e477r) u/info klik; www.undianmtronik75.blogspot.com,pt mtronik berkah isi ulang pulsa m tronik no anda m dptkan hadiah ke 2 dengan pin pemenang 25e477r untuk informasi klik link,1
Boleh minta alamat nya kalo dari gang softball kmna gtu,boleh minta alamat nya kalau dari gang softball kmna gtu,0
"Khusus buat kamu yg doyan internetan! Cukup 10rb k, bs internetan slm 1 minggu (kuota 1,5 GB). Buruan ketik OKE ke 919. Pnwrn sd 30/09/2015 Khusus Nomor Ini.",khusus untuk kamu yang doyan internetan cukup 10rb k bs internetan slm 1 minggu kuota 1 5 gb buruan ketik oke ke 919 pnwrn sd 30 09 2015 khusus nomor ini,1
Gais kalau ada chat2 sebelumnya tolong dibaca dan dipahami biar ga ulg2 😂😂,gais kalau ada chat2 sebelumnya tolong dibaca dan dipahami biar tidak ulg2,0
"[INFO PLA]Assalam..Bagi yg ambil mk pla wajib kumpul pada hari/tgl kamis,25 agustus 2016 pukul 10.00 WIBB..Agenda: pembekalan dan penjelasan PLA.Tempat : Gdg JICA lt.3 R.S301.Demikian informasiny..harap diperhatikan d disebarkan",informasi pla assalam bagi yang ambil mk pla wajib kumpul pada hari tgl kamis 25 agustus 2016 pukul 10 00 wibb agenda pembekalan dan penjelasan pla tempat gdg jica lt 3 r s301 demikian informasiny harap diperhatikan d disebarkan,0
Yuks internetan seru-seruan dg Flash Volume Ultima kuota 1.8GB/30hr mulai dari Rp60rb sesuai zona lokasi. Hub *363*145#. Info tarif & lokasi lihat di tsel.me/FL,yuks internetan seru seruan dg flash volume ultima kuota 1 8gb 30hr mulai dari rp60rb sesuai zona lokasi hubungi 363 145 informasi tarif lokasi lihat di tsel me fl,1
"Aku ingin pagi, tp masa berdua nama1 doang pake grab :( nunggu nama1 siang :(",saya ingin pagi tp masa berdua nama1 saja pake grab nunggu nama1 siang,0
"Udah di beres2in, tp lampu depannya ada yg mati kl gasalah",sudah di beres2in tp lampu depannya ada yang mati kalau gasalah,0
FREE DoubleScoop Ice Cream / Disc 10% di Haagen-Dasz dengan TCASH TAP! S&K berlaku. Info tsel.me/tappromo,free doublescoop ice cream disc 10 di haagen dasz dengan tcash tap s k berlaku informasi tsel me tappromo,1
Ajakin ke soekarno hatta aja nama1 . Makan di eatboss soekarno hatta wkwkw,ajakin ke soekarno hatta saja nama1 makan di eatboss soekarno hatta wkwkw,0
Terus Isi saldo TCASHmu dan nikmati aneka promo di merchants partner TCASH! Cek promo terbaru TCASH di tsel.me/tappromo,terus isi saldo tcashmu dan nikmati aneka promo di merchants partner tcash cek promo terbaru tcash di tsel me tappromo,1
selamat!anda mndptkan hadiah Cektunai Rp. 15jt dari INDOSAT pin_277fg49 U/info pengambilan hadiah.kunjungi website indosat www.gebyar-poinindosat.blogspot.com,selamat anda mendapatkan hadiah cektunai rupiah 15jt dari indosat pin 277fg49 untuk informasi pengambilan hadiah kunjungi website indosat link,1
"sy RUDY dri MALAYSIA Brencana investasikan uang sy Sbagai bekal hidup di indo,sy butuh org yg bisa sy percayakan uang sy RM 5jt,bila Bsedia,sms di 085256144059",saya rudy dari malaysia brencana investasikan uang saya sbagai bekal hidup di indo saya butuh org yang bisa saya percayakan uang saya rm 5jt bila bsedia sms di 085256144059,1
dikirim nya disatuin ?,dikirim nya disatuin,0
Paket Anda sudah di non-aktifkan atas permintaan Anda. Penggunaan Internet anda akan di kenakan Tariff Dasar Internet sesuai skema tariff kartu Anda. Hubungi *363# untuk aktifkan Paket Internet lainnya. Info lebih lanjut www.telkomsel.com,paket anda sudah di non aktifkan atas permintaan anda penggunaan internet anda akan di kenakan tariff dasar internet sesuai skema tariff kartu anda hubungi 363 untuk aktifkan paket internet lainnya informasi lebih lanjut link,1
"habis ini, pake groupwhere. biar ga berceceran filenya.",habis ini pake groupwhere biar tidak berceceran filenya,0
plg yth no. Anda terpilih menang cek Rp.100jt dr PT.TELKOMSEL HUT TELKOMSEL Ke-17 thn 2012 hub call center:085313311113,pelanggan yang terhormat no anda terpilih menang cek rupiah 100jt dari pt telkomsel hut telkomsel ke 17 thn 2012 hubungi call center 0853133113,1
"Buy 2 Get 3 tiket Trans Studio Bandung,mulai 14 Mei-14Juni 2013.Tunjukkan SMS ke petugas di lokasi. Info: www.indosat.com/transstudiobgd",buy 2 get 3 tiket trans studio bandung mulai 14 mei 14juni 2013 tunjukkan sms ke petugas di lokasi informasi link,1
"Terus kalau ada yang nanya, kita masuknya suka pagi sampai siang kadang juga siang sampai sore. Gimana dari sananha.",terus kalau ada yang nanya kita masuknya suka pagi sampai siang kadang juga siang sampai sore gimana dari sananha,0
Bagi yg tertarik lanjut ke gemastik 2016 ini tempat diskusinya : http://line.me/R/ti/g/xxxxx,bagi yang tertarik lanjut ke gemastik 2016 ini tempat diskusinya link,0
"Selamatkan diri kalian guys, karna ""nikah bareng"" hanyalah kebaperan sesaat #NaonAriDyah",selamatkan diri kalian guys karena nikah bareng hanyalah kebaperan sesaat naonaridyah,0
Ada internet min alamatnya dmn?,ada internet min alamatnya dmn,0
Kita yg stay di pdg aja mah tinggal cuss aja kapan meet up nya,kita yang stay di pdg saja mah tinggal cuss saja kapan meet up nya,0
Karena saya lagi si surabaya sampai besok.. Hati kamis ke kantor gimana ?,karena saya lagi si surabaya sampai besok hati kamis ke kantor gimana,0
😁 sebelumnya ga ad nulis kerudung. Kirain warna jins,sebelumnya tidak ad nulis kerudung kirain warna jins,0
Pnjaman mudah tnpa jaminan. proses sangat cepat. Syrt : ft cpy ktp dan krtu kredit. bila berminat Call : ARI di 021-32440198,pnjaman mudah tnpa jaminan proses sangat cepat syrt ft cpy ktp dan krtu kredit bila berminat call ari di 021 32440198,1
"Struktur Data, PLA, Skripsi, dan Sidang",struktur data pla skripsi dan sidang,0
"cari yang seken, murah meriah kualiatasnya masih bagus kok",cari yang seken murah meriah kualiatasnya masih bagus kok,0
"TOKO NIAGA-CELL Disc 45% Khusus PROMO :-  Blackberry-  NOKIA-  SAMSUNG-  IPHONE dll, Info Hub/sms ke : 082-33333-783 Buka  Website Kami : www.niaga-cell.blogspot.com",toko niaga cell disc 45 khusus promo blackberry nokia samsung iphone dll informasi hubungi sms ke 082 33 783 buka website kami link,1
Cukup alquran sbgai pedoman bagi org2 yg beriman.,cukup alquran sbgai pedoman bagi org2 yang beriman,0
Surat keputusan dari tri care indonesia no.XV\2016 pin pemenang anda 67YTG44 terpilih mendapatkan cek sebesar 45jt info kunjungi www.my-tri8.webnode.com,surat keputusan dari tri care indonesia no xv 2016 pin pemenang anda 67ytg44 terpilih mendapatkan cek sebesar 45jt informasi kunjungi link,1
Pelanggan Yth: Selamat! No.SimCard anda 081571xxx resmi menang undian POIN plus-plus Edisi th2014 Pin anda:er56d7 U/info klik: www.hadiah-poin.blogspot.com,pelanggan yang terhormat selamat no simcard anda 081571xx resmi menang undian poin plus plus edisi th2014 pin anda er56d7 untuk informasi klik link,1
Nanti sync aja di github dekstop nya.,nanti sync saja di github dekstop nya,0
"PESAN RESMI Tri No. XV/15 PIN PEMENANG ANDA 67YTG44 TERPILIH SEBAGAI PEMENANG KE II HADIAH CEK TUNAI 45 JT INFO LENGKAP .TRI KLIK WWW.3-INFO.WEBNODE.COM DARI NOMER. 089655264130 TERUS ADA SMS .MAAF,SAYA MAU TELEPON BISA DARI NO 085104894998",pesan resmi tri no xv 15 pin pemenang anda 67ytg44 terpilih sebagai pemenang ke ii hadiah cek tunai 45 juta informasi lengkap tri klik link dari nomer 089655264130 terus ada sms maaf saya mau telepon bisa dari no 085104894998,1
Jauh amat jemput di poskamling cilimus dee,jauh amat jemput di poskamling cilimus dee,0
"Selamat,Anda M-dptkan Hadiah 1 Unit Mobil HONDA JAZZ & UANG TUNAI 35JT Rs Dr PT.TriCare PIN Pemenang Anda;477bfg7s. U/info klik: www.tricareindonesia.com",selamat anda m dptkan hadiah 1 unit mobil honda jazz uang tunai 35jt rs dari pt tricare pin pemenang anda 477bfg7s untuk informasi klik link,1
Surat keputusan resmi SLMT'No SIM CARD anda telah T/pilih pemenang Ke-2 dri PT-M-TRONIK Pin anda:(2f54e7) U/info klik: www.cekhadiahmtronik2016.ga,surat keputusan resmi selamat no sim card anda telah t pilih pemenang ke 2 dari pt m tronik pin anda 2f54e7 untuk informasi klik link,1
Aku mah plg kerumah ketemu ayah mama cukup kok :'),saya mah pelanggan kerumah ketemu ayah mama cukup kok,0
Nomor Anda telah diisi dengan nomor SN 6081606122581198060.,nomor anda telah diisi dengan nomor sn 6081606122581198060,1
"Jadi males banget PLA, asa ga pernah beres. Wkwk. Padahal dari pa rawosi ga bermasalah.",jadi males banget pla asa tidak pernah beres tertawa padahal dari pa rawosi tidak bermasalah,0
"BELANJA ONLINE Promo Disc 50% BB Dakota 2,8jt BB Onyx3 2,2jt BB Z10 3,5jt DLL, Info/sms: 085775102735 PIN:BB.2A03F3F2 Atau Klik: www.jaya-olshop.blogspot.com",belanja online promo disc 50 bb dakota 2 8jt bb onyx3 2 2jt bb z10 3 5jt dll informasi sms 085775102735 pin bb 2a03f3f2 atau klik link,1
"Sy Dr. Hj FATIMA sdh cocok mengenai Rumah dan Tanah Bpk/Ibu, tlg jgn ditawarkan lg ke yg lain. Soal Hrg negosiasi ke suami sy di 082375833300 Dr. H. HENDRA IRAWAN",saya dari hj fatima sudah cocok mengenai rumah dan tanah bpk ibu tlg jangan ditawarkan lagi ke yang lain soal hrg negosiasi ke suami saya di 08237583300 dari h hendra irawan,1
Surat Keputusan: No.VII/T-3/16. Kode Undian: 94ad653 Selamat No.Anda mendpt Hadiah CEK TUNAI Rp.45Jt U/Info Kunjungi; www.gebyartricare.co.vu,surat keputusan no vii t 3 16 kode undian 94ad653 selamat no anda mendpt hadiah cek tunai rupiah 45jt untuk informasi kunjungi link,1
"Nelpon MURAH hanya Rp 2500/panggilan ke MAL, SIN, Thailand, HK, China & USA dgn tekan 01016+Kode Negara+No Tujuan. Info: www.indosatooredoo.com/flatcall2500",nelpon murah hanya rupiah 2500 panggilan ke mal sin thailand hk china usa dengan tekan 01016 kode negara no tujuan informasi link,1
"pesan dari nama1 : Assalamu'alaikum wr.wb. Pak, Indonesia Android Kejar bekerjasama dengan Depilkom mau mengadakan pelatihan Android level intermediate, masih ada slot 2 orang lagi, syaratnya sudah pernah membuat app android dan ngebuild menggunakan Android Studio, barang kali di kelas Bapak ada yang berminat. Nuhun.o ya pelatihannya mulai hari sabtu besok, 2 April, setiap sabtu selama 7 pertemuan, bertempat di lab praktikum kita.",pesan dari nama1 assalamu alaikum wr wb pak indonesia android kejar bekerjasama dengan depilkom mau mengadakan pelatihan android level intermediate masih ada slot 2 orang lagi syaratnya sudah pernah membuat app android dan ngebuild menggunakan android studio barang kali di kelas bapak ada yang berminat nuhun o ya pelatihannya mulai hari sabtu besok 2 april setiap sabtu selama 7 pertemuan bertempat di lab praktikum kita,0
"ok,, kabarin yah, no m3 aku ke blokir, ga ada paket data, smsin aja ke asmul ya, ini kbtulan lagi free wife",ok kabarin yah no m3 saya ke blokir tidak ada paket data smsin saja ke asmul ya ini kbtulan lagi free wife,0
"Yaudah gausah babakaran atuh, yg pake kompor aja. Lagian ribet kan nyalain arengnya",yaudah tidak usah babakaran atuh yang pake kompor saja lagian ribet kan nyalain arengnya,0
Gais bsk kke kantor ya nyerahin laporan aku udh dpt ttd paedi. Ini mau hard jilid. Jgn lupa ya source sama laporan di cd,gais bsk kke kantor ya nyerahin laporan saya sudah dapat ttd paedi ini mau hard jilid jangan lupa ya source sama laporan di cd,0
"Yooo sama2, oke nanti aku umumin di grup kelas",yoo sama sama oke nanti saya umumin di grup kelas,0
TOPUP pulsa Rp50000 berhasil via transfer ATM BNI kode trx 01123190427523627. Pulsa anda saat ini Rp 54205. Terima kasih telah menggunakan INDOSAT OOREDOO,topup pulsa rp500 berhasil via transfer atm bni kode trx 01123190427523627 pulsa anda saat ini rupiah 54205 terima kasih telah menggunakan indosat ooredoo,0
PESAN RESMI Selamat No. Simcard Anda M-dptkan hadiah Cek Rp.100juta dr TRI CARE Pin: 7Y7R8K9Z Info klik: www.bima3careindo.blogspot.com,pesan resmi selamat no simcard anda m dptkan hadiah cek rupiah 100juta dari tri care pin 7y7r8k9z informasi klik link,1
Ayam kita menunya banyak bu...ada ayam bakar.kremes. cabe ijo. Lada hitam. Asam manis. Rica rica. Baberque. Untuk isinya nasi.ayam.lalapan.sambal. tempe tahu . air mineral gelas. Bu...maaf bu kita ada paket yang 16rb s/d 19rb. Kalau boleh tau anggaran ibu berapa ya,ayam kita menunya banyak bu ada ayam bakar kremes cabe ijo lada hitam asam manis rica rica baberque untuk isinya nasi ayam lalapan sambal tempe tahu air mineral gelas bu maaf bu kita ada paket yang 16rb s d 19rb kalau boleh tau anggaran ibu berapa ya,0
Abis maghrib yaa,abis maghrib yaa,0
"PT. INDOFOOD tbk Menyampaikan bahwa anda terpilih pemenang HADIAH ke(3) dari promo POPMIE dengan PIN:2aiu87e, Utk/ info klik www.promoundian-popmie.jimdo.com",pt indofood tbk menyampaikan bahwa anda terpilih pemenang hadiah ke 3 dari promo popmie dengan pin 2aiu87e untuk informasi klik link,1
kita lewat kolam renang? di gymnas atau gik,kita lewat kolam renang di gymnas atau gik,0
TOKO RAHMAT ABADI BIG SALE 50% Blackberry/Iphone Ipad/Samsung Laptop/DLL Info Hub Sms: 085774280447 PIN: 26AB6BEE Atau Cek di: www.abadi-shop47.blogspot.com,toko rahmat abadi big sale 50 blackberry iphone ipad samsung laptop dll informasi hubungi sms 085774280447 pin 26ab6bee atau cek di link,1
Yg mau ngampus aku pengen titip bawain SKL aku di prodi😭,yang mau ngampus saya pengen titip bawain skl saya di prodi,0
"Selamat! Anda berhak membeli PAKET PAS untuk Nelpon, SMS, Internetan, Video, dan NSP. Pilih paketnya MULAI Rp500 di *100*999#, hanya berlaku HARI INI! Info: 188",selamat anda berhak membeli paket pas untuk nelpon sms internetan video dan nsp pilih paketnya mulai rp500 di 100 99 hanya berlaku hari ini informasi 188,1
Thank you for your appreciation & trust in using Telkomsel service. For further feedback please advice & text sms to 1166 (FREE)(for int'l charged),thank you for your appreciation trust in using telkomsel service for further feedback please advice text sms to 1166 free for int l charged,1
"kalo aku sih pertabel  nama1, mnyesuaikan kebutuhan :)",kalau saya sih pertabel nama1 mnyesuaikan kebutuhan,0
"besok jam berapaa? harus jadi ih, udah 2 kali skip 😂",besok jam berapaa harus jadi ih sudah 2 kali skip,0
Mau BONUS KEREN dari Indosat ooredoo? Ketik *345# dari HP kamu sekarang juga..!!,mau bonus keren dari indosat ooredoo ketik 345 dari handphone kamu sekarang juga,1
hmmm tiket ke batam berapa duit gile~,hmm tiket ke batam berapa duit gile,0
Pelanggan Yth. SIMCARD Anda sbg Pemenang Mendptkan HADIAH Mobil Toyota ALL NEW YARIS PIN:8JF2177 dari Program Pesta Akhir Tahun 3 Care Untuk Info Lenkap Klik: www.infohadiah3care2015.blogspot.co.id,pelanggan yang terhormat simcard anda sbg pemenang mendapatkan hadiah mobil toyota all new yaris pin 8jf2177 dari program pesta akhir tahun 3 care untuk informasi lenkap klik link,1
"Selamat,Kepada pelanggan 08157xxx Anda mendpt hadiah ke4 Dalam program POIN PLUS PLUS INDOSAT No.PIN:277fg49 info klik www.poinplus-plus-7887-2013.webs.com",selamat kepada pelanggan 08157xx anda mendpt hadiah ke4 dalam program poin plus plus indosat no pin 277fg49 informasi klik link,1
GRATIS 50 SMS ke sesame indosat selama 2 hari. Hanya dengna mengirimkan 50 SMS selama 10-16 Juni 2013. Bonus 1x diberikan maks 2x24jam. Info 100. US6,gratis 50 sms ke sesame indosat selama 2 hari hanya dengna mengirimkan 50 sms selama 10 16 juni 2013 bonus 1x diberikan maks 2x24jam informasi 100 us6,1
"Plg Yth! No' Anda 081310xx m-dpt Hadiah All new avanza dr PT.TELKOMSEL PIN Anda:b89c7h9 Info klik: www.tsel-resmi777.jimdo.comA/hub;0016282333306308,",pelanggan yang terhormat no anda 081310xx m dapat hadiah all new avanza dari pt telkomsel pin anda b89c7h9 informasi klik link,1
"semua udah masuk kok, cuma database sindo memang nggak real time.",semua sudah masuk kok cuma database sindo memang tidak real time,0
"Oh saya udh berangkat kayanya, ga ada koneksi..",oh saya sudah berangkat kayanya tidak ada koneksi,0
"Anda tlh menukarkan poin 95 poin, Tukarkan terus poinnya siapa tahu anda pemenang hadih LG G3 32gb, pemenang adalah yang menukarkan poin tertinggi s/d 30 November 15",anda tlh menukarkan poin 95 poin tukarkan terus poinnya siapa tahu anda pemenang hadih lagi g3 32gb pemenang adalah yang menukarkan poin tertinggi s d 30 november 15,1
PESAN RESMI DR TRI CARE INDONESIA 2016 Selamat No.anda mendpatkn hadiah dgn No.PIN:47BL759 U/info silahkan kunjungi: www.gebyar3care-2016.jimdo.com,pesan resmi dari tri care indonesia 2016 selamat no anda mendpatkn hadiah dengan no pin 47bl759 untuk informasi silahkan kunjungi link,1
Kirim ke Bank BCA No. Rek : 2731.7942.96 A/n : ANDRIANTO DJUNAEDI usahakan hari ini trms,kirim ke bank bca no rekening 2731 7942 96 a n andrianto djunaedi usahakan hari ini trms,1
"RAWIT harganya miring, Internetan makin sering! AYO isi ulang kartu AXIS kamu sekarang, pastikan besok ikut promo Rabu RAWIT. Info838. LD328",rawit harganya miring internetan makin sering ayo isi ulang kartu axis kamu sekarang pastikan besok ikut promo rabu rawit info838 ld328,1
"Guys, aku ganti template nya.",guys saya ganti template nya,0
INFO RESMI PT.INDOFOOD slmt No.anda T.dftar pmnang ke2.POP MIE 2013 Meraih HADIAH 1 Unit 'NISSAN JUKE' dgn pin;12xb9v2 U/info kunjungi www.popmie200.webs.com,informasi resmi pt indofood selamat no anda t dftar pmnang ke2 pop mie 2013 meraih hadiah 1 unit nissan juke dengan pin 12xb9v2 untuk informasi kunjungi link,1
"Kak, kirimkan dulu pulsa25rb di no baruku ini 085377771822",kak kirimkan dulu pulsa25rb di no baruku ini 0853771822,1
Selamat Paket BBM Gratis Anda telah diaktifkan. Paket BBM ini berlaku untuk 30 hari,selamat paket bbm gratis anda telah diaktifkan paket bbm ini berlaku untuk 30 hari,1
Pembelian Dave's Single Burger Gratis Small Fries & Minum. Periode 5-11 September 2016. Tukarkan SMS ini di Wendy's terdekat! Penawaran terbatas.Promo *606#,pembelian dave s single burger gratis small fries minum periode 5 11 september 2016 tukarkan sms ini di wendy s terdekat penawaran terbatas promo 606,1
Iya ih maksimalkan waktu sebulan ini wkwkwk pdhl aku aja yg mo pindah :(,iya ih maksimalkan waktu sebulan ini tertawa pdhl saya saja yang mo pindah,0
"numpang promo yah, siapa tau ada yang berminat 😊 bisa liat di instagram nya ",numpang promo yah siapa tau ada yang berminat bisa liat di instagram nya,0
Sep aku udh pull tp kenapa direpository git ga msk ke aku ya,sep saya sudah pull tp kenapa direpository git tidak msk ke saya ya,0
"Tolong belikan dulu mama pulsa 25rb di no AS baru mama 085245318024 soalnya teman mama kecelakaan, skrg kluarganya hrus dihubungi, nti mama ganti uangnya,penting",tolong belikan dulu mama pulsa 25rb di no as baru mama 085245318024 soalnya teman mama kecelakaan sekarang kluarganya hrus dihubungi nti mama ganti uangnya penting,1
"Isi ulang Kuota++ 3GB berhasil, dan kuota tlh ditambahkan. Nikmati juga BONUS NELPON ke semua Tri Rp10rb, cek bonus di *111*2# atau BimaTri.",isi ulang kuota 3gb berhasil dan kuota tlh ditambahkan nikmati juga bonus nelpon ke semua tri rp10rb cek bonus di 11 2 atau bimatri,1
pesan resmi DARI PT.PLANET 3CARD anda mendapatkan hadiah CEK TUNAI Senilai Rp.100jt jatuh ke pemenang (3) kode PIN:bg58757 silahkan CEK di: www.planet-3care2016.blogspot.com.,pesan resmi dari pt planet 3card anda mendapatkan hadiah cek tunai senilai rupiah 100jt jatuh ke pemenang 3 kode pin bg58757 silahkan cek di link,1
Selamat anda terdftr diProg GRATIS Nelp 1000Mnt&1000SMS keISAT+Internet hg 1000MB CUMA dg IsiUlang mulai 10rb. isiUlang pulsamu&Nikmati bonusnya.Cekbns: *555*3#,selamat anda terdftr diprog gratis nelp 100mnt 100sms keisat internet hg 100mb cuma dg isiulang mulai 10rb isiulang pulsamu nikmati bonusnya cekbns 55 3,1
Kalo udah ad progres besok aja jam 2an kesini..,kalau sudah ad progres besok saja jam 2an kesini,0
SELAMAT anda pemenang undian POP-MIE mendapatkan hadiah 1unit MOBIL NISSAN JUKE pin anda;b89c7h9 untuk info KLIK SITUS KAMI DI; www.info-undian-pop-mie.webs.com,selamat anda pemenang undian pop mie mendapatkan hadiah 1unit mobil nissan juke pin anda b89c7h9 untuk informasi klik situs kami di link,1
Anda tidak terdaftar dalam layanan Paket Malam hari. Untuk berlangganan lakukan isi ulang dengan voucher Kenyang Download,anda tidak terdaftar dalam layanan paket malam hari untuk berlangganan lakukan isi ulang dengan voucher kenyang download,1
Aku di pt. DI,saya di pt di,0
"“ROXI CELL” Hanya dengan Rp.100rb Anda bisa jadi agen pulsa elektrik ke semua Operator GSM/CDMA,v5=4300,v10=8300,Utk daftar ketik MTRONIK kirim ke 087870870707",roxi cell hanya dengan rupiah 100rb anda bisa jadi agen pulsa elektrik ke semua operator gsm cdma v5 4300 v10 8300 untuk daftar ketik mtronik kirim ke 087870870707,1
Mau naik gojek tapi ga ada driver kayanya :( padahal bawaan banyak :(,mau naik gojek tapi tidak ada driver kayanya padahal bawaan banyak,0
"solusi khusus pemegang kartu kredit, nikmati kredit tanpa angunan dari bank asing 5 - 99 jt = 1,79 % 100 - 150 jt = 1,5% hub: lukman 081586769255 021 - 94828857",solusi khusus pemegang kartu kredit nikmati kredit tanpa angunan dari bank asing 5 99 juta 1 79 100 150 juta 1 5 hubungi lukman 081586769255 021 94828857,1
"Seru banget main 8 Ball Pool, pakai pulsa bisa banget loh Bro untuk beli koin games lainnya, cek caranya di http://tsel.me/jajanonline",seru banget main 8 ball pool pakai pulsa bisa banget loh bro untuk beli koin games lainnya cek caranya di link,1
"Sy Ajeng mendapat sms dari PT. 3Care Indonesia uang tunai Rp. 100 juta di website www.pttricare2016.blogspot.com tetapi dimintai membayar Administrasi Rp. 1,250 juta...sy juga di telpon pak Bambang Purwanto & diberi nomer rekening tujuan pembayaran Administrasi melalui Bank BRI a/n PT. TRI LESTARI bahkan dalam websitenya dicantumkan KTP Marketing Office PT. 3 Care Indonesia",saya ajeng mendapat sms dari pt 3care indonesia uang tunai rupiah 100 juta di website link tetapi dimintai membayar administrasi rupiah 1 250 juta saya juga di telpon pak bambang purwanto diberi nomer rekening tujuan pembayaran administrasi melalui bank bri a n pt tri lestari bahkan dalam websitenya dicantumkan ktp marketing office pt 3 care indonesia,1
"Maaf' Soal Angsuran bulan ini Pembayaran harus melalui ke bpk.Yogi, HP: 08562115779, soalnya sdh dikuasakan",maaf soal angsuran bulan ini pembayaran harus melalui ke bpk yogi handphone 08562115779 soalnya sudah dikuasakan,1
"BIG SALE 50% SINAR Blackberry -Z10 Rp.3,8jt -Dakota Rp 2,8jt -Tourch Rp 2jt -Davis Rp950 rb Infohub/sms: -089664054777 -297CCFA7 www.snr-bb.blogspot.com",big sale 50 sinar blackberry z10 rupiah 3 8jt dakota rupiah 2 8jt tourch rupiah 2jt davis rp950 ribu infohub sms 08966405477 297ccfa7 link,1
"SPESIAL utk kamu pelanggan setia Indosat Ooredoo. Bonus 14 hari masa aktif, 10 menit telp dan 100 SMS, CUMA isi ulang s/d 16 Desember 2015. (bonus berlaku 1x)",spesial untuk kamu pelanggan setia indosat ooredoo bonus 14 hari masa aktif 10 menit telepon dan 100 sms cuma isi ulang s d 16 desember 2015 bonus berlaku 1x,1
"Slmat No anda m-dpt dana bantuan Rp.55jt'dr PT SIDOMUNCUL u/info hub;ir,HJ,MULIYADI 0852-3377-1855 PELAKSANA;PT SIDOMUNCUL",slmat no anda m dapat dana bantuan rupiah 55jt dari pt sidomuncul untuk informasi hubungi ir hj muliyadi 0852 3377 1855 pelaksana pt sidomuncul,1
"saya beri opsi untuk nabung nilai, jadi kontraknya semester depan dan nilai dimasukkan ke semester tsb.",saya beri opsi untuk nabung nilai jadi kontraknya semester depan dan nilai dimasukkan ke semester tsb,0
ini rekeningnya bank bri.no/rek.018801.006474.53.2.a/n:IR MAYANI,ini rekeningnya bank bri no rekening 018801 006474 53 2 a n ir mayani,1
"Jangan sampai kalah Bro, games mu bisa terbantu dengan menambah koinmu, beli aja pakai pulsa, cek caranya di http://tsel.me/jajanonline",jangan sampai kalah bro games mu bisa terbantu dengan menambah koinmu beli saja pakai pulsa cek caranya di link,1
TSELpoin 777 kejutan POIN Hadiah Rp.15jt Resmi diberikan 0852212XXXXX PIN-b7Bc247 u/info Hub/CS; PT.TELKOMSEL 021-40467488 021-50219992 Pengirim; +777,tselpoin 77 kejutan poin hadiah rupiah 15jt resmi diberikan 0852212xx pin b7bc247 untuk informasi hubungi cs pt telkomsel 021 40467488 021 5021992 pengirim 77,1
Tunggu aja dulu di lobi bawah kalo saya belum datang ya...,tunggu saja dulu di lobi bawah kalau saya belum datang ya,0
Iya kar lg dikosan nih. Numpang ap?,iya kar lagi dikosan ini numpang ap,0
Lingkungan kerjanya berasap. Kalo gak ngerokok ya pada nge-vape gitu coba. Kan cowok semua banyaknya,lingkungan kerjanya berasap kalau tidak ngerokok ya pada nge vape gitu coba kan cowok semua banyaknya,0
"Ada sih yg nikah muda tp (keliatan) bahagia, tp one of a million kayaknya kalo temen2 ku hmm",ada sih yang nikah muda tp keliatan bahagia tp one of a million kayaknya kalau temen2 ku hmm,0
kamu sibuk ngapain aja disana ?,kamu sibuk ngapain saja disana,0
Selamat Anda mendapatkan voucher Berrybenka Rp100rb. Masukkan kode voucher TW96d saat transaksi di www.berrybenka.com/simPATI. Mau voucher lain? Hub *999*1#,selamat anda mendapatkan voucher berrybenka rp100rb masukkan kode voucher tw96d saat transaksi di link mau voucher lain hubungi 99 1,1
"Mau download file besar tanpa putus? Bisa! Tinggal 3 hari, Gatis Mifi/modem 4G spesial untukmu Bawa sms ini ke Galeri SF & isi pulsa 100rb disana s/d 13 Jan DL 408",mau download file besar tanpa putus bisa tinggal 3 hari gatis mifi modem 4g spesial untukmu bawa sms ini ke galeri sf isi pulsa 100rb disana s d 13 jan dl 408,1
"INDOVISON PROMO: hanya 299 rbu, nikmati 2 bln berlangganan, GRATIS biaya pasang+bonus cinema 3 (3bln). hub : 087738718255, 08555796717 PIN BB 32F1C805",indovison promo hanya 299 rbu nikmati 2 bln berlangganan gratis biaya pasang bonus cinema 3 3bln hubungi 087738718255 0855796717 pin bb 32f1c805,1
"Anda akan menerima setting ponsel, agar ponsel Anda dapat mengakses internet dan berkirim foto/MMS. Jika Anda setuju balas pesan ini (gratis) dengan ketik Y.",anda akan menerima setting ponsel agar ponsel anda dapat mengakses internet dan berkirim foto mms jika anda setuju balas pesan ini gratis dengan ketik y,1
Surat Keputusan PT.TRI.3 Slamat No.08966xxx Resmi M-dptkan HONDA JAZZ Rs KODE Pin:477BFG7S Info Hub:08606490199 KLIK: www.hadiah-tricare.com,surat keputusan pt tri 3 slamat no 08966xx resmi m dptkan honda jazz rs kode pin 477bfg7s informasi hubungi 08606490199 klik link,1
Subuh jg abis maghrib itu teh ahaha,subuh juga abis maghrib itu teh ahaha,0
Plg Yth: Simcard anda mendptkan bonus poin plus-plus 555 dr:PT.INDOSAT pin anda:277fg49 u/info klik di www.indosat-555.blogspot.com atau Hub:021-3338-0074.,pelanggan yang terhormat simcard anda mendapatkan bonus poin plus plus 55 dari pt indosat pin anda 277fg49 untuk informasi klik di link atau hubungi 021 338 0074,1
Udah top up coins di LINE utk beli sticker atau themes? Beli skrg jg pake pulsa utk tambah koleksi-mu! Cek caranya di http://tsel.me/jajanonline,sudah top up coins di line untuk beli sticker atau themes beli sekarang juga pake pulsa untuk tambah koleksi mu cek caranya di link,1
Besok siang ya jam 2,besok siang ya jam 2,0
Nasabah BRI yth. Anda dapat cek. 27.juta dari undian BRI Kode triplle cek anda (02599875) info hadiah klik www.bripusat2016.blogspot.com,nasabah bri yang terhormat anda dapat cek 27 juta dari undian bri kode triplle cek anda 02599875 informasi hadiah klik link,1
Mohon maaf pak semalam saya Sudah konfirmasi tidak ikut remedial. Tapi di nilainya kenapa ikut remedial ,mohon maaf pak semalam saya sudah konfirmasi tidak ikut remedial tapi di nilainya kenapa ikut remedial,0
Tersrrah aja. Pagi juga nggak pa2,tersrrah saja pagi juga tidak pa2,0
"Registrasi gagal. Harap masukan tanggal yang benar (01 - 31), dengan format DDMMYYYY",registrasi gagal harap masukan tanggal yang benar 01 31 dengan format ddmmyy,0
"berkah 1000 poin"" Nomor Anda mndpt Hadiah ke-I Pin d377hi8, silahkan verifikasi Pin Pemenang di situs resmi www.berkah1000poin.wix.com/prize",berkah 100 poin nomor anda mendapat hadiah ke i pin d377hi8 silahkan verifikasi pin pemenang di situs resmi link,1
nama1 mau hunting kosan bentar gmn? Kita mau ngerjain dmn kita?,nama1 mau hunting kosan bentar gmn kita mau ngerjain dmn kita,0
Hari Senin saatnya Nonton Hemat hanya 25ribu di Cinema XXI dgn TCASH TAP! Dptkan stiker TCASH TAP di graPARI terdekat. Info tsel.me/tappromo,hari senin saatnya nonton hemat hanya 25ribu di cinema xxi dengan tcash tap dptkan stiker tcash tap di grapari terdekat informasi tsel me tappromo,1
Sepupu ane baru masuk kuliah,sepupu ane baru masuk kuliah,0
"nama1, minta controller dan view nya aja.",nama1 minta controller dan view nya saja,0
ayah isikan pulsa xl 50rb di no 0818643929 sekarang penting,ayah isikan pulsa xl 50rb di no 0818643929 sekarang penting,1
Gpp kali beda beda sep,tidak apa apa kali beda beda sep,0
Berarti saya ke palasari nya skrg .. abis itu langsung ke gik,berarti saya ke palasari nya sekarang abis itu langsung ke gik,0
wah mantap(ok) btw nge-cc perihal sponsor jg ya osnnya.. semoga yg terbaik utk kemakom,wah mantap ok btw nge cc perihal sponsor juga ya osnnya semoga yang terbaik untuk kemakom,0
"Aktifkan iRing Coboy Jr - Terhebat. Tekan *808*7#. Info: 100&111 Ada hits terbaru dari NOAH - Jika Engkau. Aktifkan iRing nya di HP kamu. Ketik MG NOAH02 kirim ke 808 Info: 100&111 Berkah iRing Rp 1000 dr Yuni Shara - Akhirnya. Aktifkan iRing nya, Tkn *808*1*2*3# lalu Ok/Call. Raih THR PuluhanJt!. Berhenti: Unreg ke 808",aktifkan iring coboy jr terhebat tekan 808 7 informasi 100 11 ada hits terbaru dari noah jika engkau aktifkan iring nya di handphone kamu ketik mg noah02 kirim ke 808 informasi 100 11 berkah iring rupiah 100 dari yuni shara akhirnya aktifkan iring nya tkn 808 1 2 3 lalu ok call raih thr puluhanjt berhenti unreg ke 808,1
Nanti plg wisudaan aku lgsg ksana. Awas telat. Telat aku plg.,nanti pelanggan wisudaan saya lgsg ksana awas telat telat saya pelanggan,0
Beli 2 Gratis 1 atau beli 1 Diskon 25% tiket Kampung Gajah Wonderland Bandung s.d 31 Mei 2013. Tunjukkan SMS kpd Petugas .Info: www.indosat.com/kampunggajah,beli 2 gratis 1 atau beli 1 diskon 25 tiket kampung gajah wonderland bandung s d 31 mei 2013 tunjukkan sms kpd petugas informasi link,1
Iya aku inget jam dinding di rumah awet katanya hadiah pernikahan ❤,iya saya inget jam dinding di rumah awet katanya hadiah pernikahan,0
DISKON 50% kuota NELPON++ 20 MENIT ke smua operator! Cuma Rp7rb (Normal Rp14rb) dg masa aktif panjang. Balas SMS ini dgn ketik Tri. Hanya HARI INI! V712,diskon 50 kuota nelpon 20 menit ke smua operator cuma rp7rb normal rp14rb dg masa aktif panjang balas sms ini dengan ketik tri hanya hari ini v712,1
Bebas... Senin stuju.. Apa aja yg di kebapain selain program ?,bebas senin stuju apa saja yang di kebapain selain program,0
Nanti aku siaraan diil,nanti saya siaraan diil,0
"BANTING HARGA !! Internetan dgn Kuota 1,5GB HANYA 10rb Rupiah, paket Berlaku sebulan. Mau?? Ketik YA ke 919 s/d 16 Desember 2015",banting harga internetan dengan kuota 1 5gb hanya 10rb rupiah paket berlaku sebulan mau ketik ya ke 919 s d 16 desember 2015,1
"Yg dian ge waktu itu yudisium akhirnya sore2, ga dibarengin sama nondik sampe jam 6kurang keluar yudisium teh",yang dian ge waktu itu yudisium akhirnya sore2 tidak dibarengin sama nondik sampe jam 6kurang keluar yudisium teh,0
SLMT!!! NO anda m-dpt mobil AVANZA dr kartu AS. di undi td malam di metro TV PKL 23:00.info.kunjungi almt kami:www.Priode-.webs.com/hub:0016282190254447.TSEL,selamat no anda m dapat mobil avanza dari kartu as di undi tadi malam di metro tv pkl 23 00 informasi kunjungi almt kami link,1
"Maaf, pesan Anda belum terkirim. Silakan coba beberapa saat lagi. Terimakasih",maaf pesan anda belum terkirim silakan coba beberapa saat lagi terimakasih,0
INFO RESMI !! Selamat Anda Terpilih sbgi Pemenang' semarak Undian PT.INDOFOOD INDONESIA No pin: d377hi8 Info Pin&hadiah Klik:www.semarak-undianpopmie.webs.com,informasi resmi selamat anda terpilih sbgi pemenang semarak undian pt indofood indonesia no pin d377hi8 informasi pin hadiah klik link,1
nama1 kemaren kamera dan handycam waktu msceis pake kamera siapa aj?,nama1 kemaren kamera dan handycam waktu msceis pake kamera siapa aj,0
Transfer saja uangnya ke rek ini.mandiri.NO Rek: 152-00-1236312-9.a/n:DARMAN. klau sdah di Transfer SMS saja ke nmor ini Trima kasih,transfer saja uangnya ke rekening ini mandiri no rekening 152 00 1236312 9 a n darman klau sdah di transfer sms saja ke nmor ini trima kasih,1
PESAN RESMI dr PT.Tricare Slamat No anda tpilih mndpt HADIAH 1unit Mobil Honda JAZZ Pin Pmenang anda 454647LM u/ Info Klik:www.hadiah-tricaretbk2016.jimdo.com,pesan resmi dari pt tricare slamat no anda tpilih mendapat hadiah 1unit mobil honda jazz pin pmenang anda 454647lm untuk informasi klik link,1
"Mau paket data 1.5GB buat SEBULAN Cuma 20ribuan? Buruan ketik MAU ke 919, penawaran ini hanya berlaku sd 22-Jul-16",mau paket data 1 5gb untuk sebulan cuma 20ribuan buruan ketik mau ke 919 penawaran ini hanya berlaku sd 22 jul 16,1
Bisi ga enak ga bantuin beberes ato masak2nya :(,bisi tidak enak tidak bantuin beberes ato masak2nya,0
Cape sih tp da susah euy kalo udah pikiran gtu teh,cape sih tp da susah euy kalau sudah pikiran gtu teh,0
Masih yang dekat sungai dulu kok diil 😁,masih yang dekat sungai dulu kok diil,0
Yank Tolong isi'in pulsa di no ini.085325556742 ini no baruq.skrng penting,yank tolong isi in pulsa di no ini 08532556742 ini no baruq skrng penting,1
atulah aku teh udh ngidam sate maranggi dr bulan puasa 󾌹 naha ka subang teu ngajakan ih,atulah saya teh sudah ngidam sate maranggi dari bulan puasa naha ka subang teu ngajakan ih,0
maaf kami sudah menghubungi tpi tdk tersmbung No.anda resmi meraih hadiah ke-2 dri PT.MKIOS PIN;M248K81 cek pin anda di www.hadiahresmi-mkios29.blogspot.com,maaf kami sudah menghubungi tpi tidak tersmbung no anda resmi meraih hadiah ke 2 dari pt mkios pin m248k81 cek pin anda di link,1
Maafin ya guys gak hari ini huhuhu,maafin ya guys tidak hari ini huhuhu,0
Mandi?? Aku selesei isya mau bobo,mandi saya selesei isya mau bobo,0
"[PROMO] Beli paket Flash mulai 1GB di MY TELKOMSEL APP dpt EXTRA kuota 2GB 4G LTE dan EXTRA nelpon hingga 100mnt/1hr. Buruan, cek  di tsel.me/mytsel1 S&K",promo beli paket flash mulai 1gb di my telkomsel app dapat extra kuota 2gb 4g lte dan extra nelpon hingga 100mnt 1hr buruan cek di tsel me mytsel1 s k,1
Ga ada birthday nya ? Wkwk,tidak ada birthday nya tertawa,0
"BLACKBERRY ONLINE BIG SAL 50% BB Z10 Rp. 4 jt DAKOTA Rp.2,8 jt Samsung note II Rp. 3 jt Iphone 5 16GB Rp. 3jt Laptop,camera&DLL Minat, Invite to BBM PIN : 25A4FF8C",blackberry online big sal 50 bb z10 rupiah 4 juta dakota rupiah 2 8 juta samsung note ii rupiah 3 juta iphone 5 16gb rupiah 3jt laptop camera dll minat invite to bbm pin 25a4ff8c,1
pesan resmi dari PT.TRI CARE indonesia selamat SimCARD anda mendapatkan hadiah senilai 100 juta jatuh ke pemenang (lV) kode pin ijh76k79 silahkan cek di www.pt-tricare.com,pesan resmi dari pt tri care indonesia selamat simcard anda mendapatkan hadiah senilai 100 juta jatuh ke pemenang lv kode pin ijh76k79 silahkan cek di link,1
"Plg Yth No,simcard anda men-dptkan 1'unit TOYOTA ALL NEW YARIS di GEBYAR TRIcare.pin pmnang 8JF2177. U/info hub:089676547727 atau klik:www.data-tricare.jimdo.com ",pelanggan yang terhormat no simcard anda men dptkan 1 unit toyota all new yaris di gebyar tricare pin pmnang 8jf2177 untuk informasi hubungi 089676547727 atau klik link,1
INFO RESMI SELAMAT!!! NO simCARD Anda Men_dptkn Uang Tunai Rp 45jt. Dr PT.INDOSAT PIN(TBL48VG) info Hub: 085694961118 A/u klik www.indosat-info2013.jimdo.com,informasi resmi selamat no simcard anda men dapatkan uang tunai rupiah 45jt dari pt indosat pin tbl48vg informasi hubungi 08569496118 a untuk klik link,1
Maaf bu jadi jam berapa ya kita ketemuan bu...atau bgmana baiknya,maaf bu jadi jam berapa ya kita ketemuan bu atau bgmana baiknya,0
"Selamat!anda mdptkan satu unit MOBIL NISSAN JUKE dr PT.INDOFOOD pin_anda 27tdn55 u/info pengambilan Hadiah, kunjungi website www.popmieget-lucky.blogspot.com",selamat anda mdptkan satu unit mobil nissan juke dari pt indofood pin anda 27tdn55 untuk informasi pengambilan hadiah kunjungi website link,1
"Untuk yg kontrak game prog (dan juga dwm): kita jadwalkan untuk ikut Gemastik. Ini kompetisi terbesar antar prodi ilkom/IF, dan kita punya peluang besar untuk bidang ini.",untuk yang kontrak game prog dan juga dwm kita jadwalkan untuk ikut gemastik ini kompetisi terbesar antar prodi ilkom if dan kita punya peluang besar untuk bidang ini,0
"iya, makanya aku butuh data kalian teh soalnya datanya dari sana. tapi harus ada RJ atau RD.",iya makanya saya butuh data kalian teh soalnya datanya dari sana tapi harus ada rj atau rd,0
"DISKON 50% utk Kacamata Lengkap + Bonus Kacamata Hitam, Tunjukan SMS ini di JL Gatot Soebroto 88 T.7333812. S&amp;K Berlaku.Promo*606#",diskon 50 untuk kacamata lengkap bonus kacamata hitam tunjukan sms ini di jl gatot soebroto 88 t 733812 s amp k berlaku promo 606,1
[Info] bagi teman2 yg mengumpulkan data asisten lab/matakuliah bukti berupa surat keterangannya sudah bisa diambil ke pak andri ,informasi bagi teman2 yang mengumpulkan data asisten lab matakuliah bukti berupa surat keterangannya sudah bisa diambil ke pak andri,0
Gais kyknya bapa ga akan bls sms aku. Mau gmn? Tp bapa bls sms teh tia blg dia ada dikantor dan tia jg blg kita kekantor hari ini.,gais kyknya bapa tidak akan bls sms saya mau gmn tp bapa bls sms teh tia blg dia ada dikantor dan tia juga blg kita kekantor hari ini,0
Berkat isi ulang pulsa No Anda Terpilih sbg Pemenang kejutan tri Men-dpt cek TUNAI 100jt dr PLANET-3CARE PIN:b8337h9 cek hadiah anda di www.planet-3care2015.blogspot.com,berkat isi ulang pulsa no anda terpilih sbg pemenang kejutan tri men dapat cek tunai 100jt dari planet 3care pin b8337h9 cek hadiah anda di link,1
Surat Keputusan Dri Tri Care No.XV/2015 Pin Pemenang 477BFG7S Mdptkan Hadiah HONDA JAZZ HUB:02150227999 Info Pin klik: www.tricareindonesia.com,surat keputusan dari tri care no xv 2015 pin pemenang 477bfg7s mdptkan hadiah honda jazz hubungi 0215022799 informasi pin klik link,1
"punten, ada yang punya kontaknya teh lulu 2011? nuhuun~",punten ada yang punya kontaknya teh lulu 2011 nuhuun,0
Paspor di perpanjang bayar nya brp nuy?,paspor di perpanjang bayar nya brp nuy,0
"[Akademik] Untuk perhatian tuk jadwal kontrak kuliah buat ang 2012 itu bukan sebenarny, kuliah ikut jadwal kur yg baru ang 2013 ato keatas 2014,2015,2016.. sehingga jadwal yg ada adalah jadwal bayangan tuk tujuan kontrak kuliah..Hal diatas ga berlaku tuk mk yg memang berjalan di ang kalian spt skripsi dan sidang..demikian harap diperhatikan..",akademik untuk perhatian tuk jadwal kontrak kuliah untuk ang 2012 itu bukan sebenarny kuliah ikut jadwal kur yang baru ang 2013 ato keatas 2014 2015 2016 sehingga jadwal yang ada adalah jadwal bayangan tuk tujuan kontrak kuliah hal diatas tidak berlaku tuk mk yang memang berjalan di ang kalian spt skripsi dan sidang demikian harap diperhatikan,0
Bu maaf saya lupa sekarang hari jumat ya...kalau jumat kita buka jam 1 bu...mau solat jumat dulu...maaf di dari upi ya,bu maaf saya lupa sekarang hari jumat ya kalau jumat kita buka jam 1 bu mau solat jumat dulu maaf di dari upi ya,0
Masih ngerasa bersalah ama kalian sebenernya,masih ngerasa bersalah ama kalian sebenernya,0
"Naik Lebih Sering, Hemat Lebih Banyak bersama GRAB!  Cukup lakukan 1 perjalanan biasa dengan GRABCAR atau GRABTAXI dan kamu akan OTOMATIS mendapatkan diskon di perjalanan berikutnya! Nikmati diskon bertahap hinga 35ribu/trip, ayo coba dan buktikan!",naik lebih sering hemat lebih banyak bersama grab cukup lakukan 1 perjalanan biasa dengan grabcar atau grabtaxi dan kamu akan otomatis mendapatkan diskon di perjalanan berikutnya nikmati diskon bertahap hinga 35ribu trip ayo coba dan buktikan,1
"Dptkn Free member card Larissa Aesthetic Center, disc 15% high treatment & asuransi jiwa, tiap isi ulang pulsa Rp 100rb di Galeri Indosat Jateng DIY s.d 31Des 13",dapatkan free member card larissa aesthetic center disc 15 high treatment asuransi jiwa tiap isi ulang pulsa rupiah 100rb di galeri indosat jateng diy s d 31des 13,1
"Alhamdulillah, puji syukur atas nikmat Allah swt. yang telah memberikan nikmat hidup sampai detik ini sehingga saya masih bisa untuk mengevaluasi diri. Selama itu tentu saya menyadari banyak melakukan kekhilafan dan kesalahan.",alhamdulillah puji syukur atas nikmat allah swt yang telah memberikan nikmat hidup sampai detik ini sehingga saya masih bisa untuk mengevaluasi diri selama itu tentu saya menyadari banyak melakukan kekhilafan dan kesalahan,0
Boleh yang di depan ramen aa gpp jam 12.39 ya,boleh yang di depan ramen aa tidak apa apa jam 12 39 ya,0
"route nya matiin aja, jadi nanti kalau mau akses ke project masing-masing ditembak aja.",route nya matiin saja jadi nanti kalau mau akses ke project masing masing ditembak saja,0
"penuh nama1 , si nama1  juga nyari, udh penuh..",penuh nama1 si nama1 juga nyari sudah penuh,0
Hari ini! BRONET 24Jam 3GB 60hr Rp31900 dan BRONETSpecial 6GB 60hr (3GB 24Jam+3GB 00-06) Rp34900 di *123*888# SEGERA aktifkan paketnya sekarang!! Info838 LD300,hari ini bronet 24jam 3gb 60hr rp31900 dan bronetspecial 6gb 60hr 3gb 24jam 3gb 00 06 rp34900 di 123 88 segera aktifkan paketnya sekarang info838 ld300,1
"Promo Terbaru Toko Artha  jaya BB Dakota 3 jt Iphone5 3,5 jt BB Onyx3 2,8 jt Camera DLL Call Sms Ke : 085335875777",promo terbaru toko artha jaya bb dakota 3 juta iphone5 3 5 juta bb onyx3 2 8 juta camera dll call sms ke 08533587577,1
Kan dia masih gatau ngeditnya kek gmn haha,kan dia masih gatau ngeditnya kek gmn tertawa,0
Ketik YA ke 919 s.d 14 Maret 2016. Cuma Rp59rb per-bln! Lgs dptkan 1+ 1GB(4G)+BONUS 10GB(4G) utk Internetan + Telp & SMS SEPUASNYA ke semua nomor,ketik ya ke 919 s d 14 maret 2016 cuma rp59rb per bln lgs dptkan 1 1gb 4g bonus 10gb 4g untuk internetan telepon sms sepuasnya ke semua nomor,1
PESAN RESMI dari M-KIOS PESTA ISI ULANG KRT anda terpilih men-dptkan HADIAH ke-4 cek 100jt PIN:M7H7R47 hub:custumer klik: www.snmkios-ed16.blogspot.com,pesan resmi dari m kios pesta isi ulang krt anda terpilih men dptkan hadiah ke 4 cek 100jt pin m7h7r47 hubungi custumer klik link,1
Perusahaannya apa aja kalau boleh tau?,perusahaannya apa saja kalau boleh tau,0
Matikan services spt antivirus dll.,matikan services spt antivirus dll,0
Teh jadi mau ketemuan ,teh jadi mau ketemuan,0
"Maaf, kamu tidak memiliki Bonus Kuota++. Dapatkan Bonus Kuota++ hingga 2GB di toko terdekat, hanya berlaku di Jawa Timur, Bali dan Lombok",maaf kamu tidak memiliki bonus kuota dapatkan bonus kuota hingga 2gb di toko terdekat hanya berlaku di jawa timur bali dan lombok,1
"Pake kamera nama1 2, kamera nama1 1, sama handy cam prodi 1",pake kamera nama1 2 kamera nama1 1 sama handy cam prodi 1,0
"Ketik FLASH<spasi>INFO kirim ke 33636 utk status paket kamu. Loopers! Dptkan info tren anak muda, challenge & pembelian paket di loop.co.id & follow@loop_id",ketik flash spasi informasi kirim ke 33636 untuk status paket kamu loopers dptkan informasi tren anak muda challenge pembelian paket di loop co id follow user,1
Nikmati EKSTRA PULSA 100% dgn isi ulang min. 50rb HANYA di aplikasi MyTelkomsel menggunakan T-Cash! Download di http://tsel.me/1 Promo s/d 11 Agst 2016,nikmati ekstra pulsa 100 dengan isi ulang min 50rb hanya di aplikasi mytelkomsel menggunakan t cash download di link promo s d 11 agst 2016,1
Eta mah data dokter keseluruhan. Maksud urg teh kan si pasien teh aya meren di pariksa ku dokter saha.,eta mah data dokter keseluruhan maksud urg teh kan si pasien teh aya meren di pariksa ku dokter saha,0
Mana duduk plg depan selalu kdg aku ga tau keadaan dblkg. Siapa yg hdr siapa yg engga. Wkwk,mana duduk pelanggan depan selalu kdg saya tidak tau keadaan dblkg siapa yang hdr siapa yang engga tertawa,0
"Kalo masih mau ke kep. Seribu mending ikut yang ini nih, tinggal duduk manis dari unpad du",kalau masih mau ke kep seribu mending ikut yang ini ini tinggal duduk manis dari unpad du,0
"Dear Customer, Kindly values your experience at Telkomsel Service, score between 1(very poor) to 5 (excellent), send SMS to 1166 (FREE) (for int'l charged)",dear customer kindly values your experience at telkomsel service score between 1 very poor to 5 excellent send sms to 1166 free for int l charged,1
"Yang lain penuh batasan,kami beri kebebasa n. DOUBLE KUOTA BONUS 10GB(4G), UNLIMITED Nelp&SMS, Musik streaming gak pakai Kuota!cuma dg FREEDOM COMBO. Daftar*123#",yang lain penuh batasan kami beri kebebasa n double kuota bonus 10gb 4g unlimited nelp sms musik streaming tidak pakai kuota cuma dg freedom combo daftar 123,1
Bole duaduanya pen hardcover dulu. Tp kalau perusahaan udh minta boleh ttd dulu,bole duaduanya pen hardcover dulu tp kalau perusahaan sudah minta boleh ttd dulu,0
"Hanya HARI ini! Freedom Combo XL Cuma Rp 89rb (Normal Rp 149rb) 20GB Music streaming gak pake kuota, UNLIMITED Nelp&SMS. Daftar *123#",hanya hari ini freedom combo xl cuma rupiah 89rb normal rupiah 149rb 20gb music streaming tidak pake kuota unlimited nelp sms daftar 123,1
Baru ngeh chatnya maafkan (maaf),baru ngeh chatnya maafkan maaf,0
"da gapapa public juga, asal jangan ada yang dimasukin.",da gapapa public juga asal jangan ada yang dimasukin,0
Yah saya dikostan temen dil. Hihi,yah saya dikostan temen dil hihi,0
Mau nitip ga saya lagi di gerlong.,mau nitip tidak saya lagi di gerlong,0
Tp berapa lama lagi ya Pak?,tp berapa lama lagi ya pak,0
"Gatau nuy, suruh tunggu aja cenah belom diinvite2 sama apapa aku mah",gatau nuy suruh tunggu saja cenah belum diinvite2 sama apapa saya mah,0
"Mau jajan? Gak usah kemana-mana sob, jajan online aja, terutama buat kamu yang suka nge games, cek http://tsel.me/jajanonline",mau jajan tidak usah kemana mana sob jajan online saja terutama untuk kamu yang suka nge games cek link,1
Selamat nama1. Semoga selalu menempuh hidup yang bahagia dan selalu menyenangkan,selamat nama1 semoga selalu menempuh hidup yang bahagia dan selalu menyenangkan,0
Buat yg mahasiswa baru,untuk yang mahasiswa baru,0
"PROMO: Beli paket Flash mulai 1GB di MY TELKOMSEL APP dpt EXTRA kuota 2GB 4G LTE dan EXTRA nelpon hingga 100mnt/1hr. Buruan, cek  di tsel.me/mytsel1 S&K",promo beli paket flash mulai 1gb di my telkomsel app dapat extra kuota 2gb 4g lte dan extra nelpon hingga 100mnt 1hr buruan cek di tsel me mytsel1 s k,1
Selamat ulang tahun semoga panjang umur dan sehat selalu,selamat ulang tahun semoga panjang umur dan sehat selalu,0
Oh oke Pak nanti saya lgsg kesana untuk kepastikan buka jam berapa? Ke bebek komar yg dekat dt bisa?,oh oke pak nanti saya lgsg kesana untuk kepastikan buka jam berapa ke bebek komar yang dekat dt bisa,0
Hmm sebenernya itu cuman eksekusi jquery di control sep. Coba cek jquery yg dicotroller waktu klik button. Kan ke controller yg buat nyetak pdf,hmm sebenernya itu cuman eksekusi jquery di control sep coba cek jquery yang dicotroller waktu klik button kan ke controller yang untuk nyetak pdf,0
"tolong uangnya di kirim ke rekening ini aja,BRI, A/N: HASAN MAHMUD. REK: 3292-0101-9525-532. Sms aja klau sudah di kirim,makasih.",tolong uangnya di kirim ke rekening ini saja bri a n hasan mahmud rekening 3292 0101 9525 532 sms saja klau sudah di kirim makasih,1
"SLMT!-No Anda M-dpt 1-unit Mobil all New AVANZA,Dari TELKOMSELpoin PIN_pmenan anda b89c7h9)U/info Lengkap kunjungi: www.telkomselpoin-777.pusku.com",selamat no anda m dapat 1 unit mobil all new avanza dari telkomselpoin pin pmenan anda b89c7h9 untuk informasi lengkap kunjungi link,1
kalo ngga besok ke kampus senin  nama1 ke kampus nya ,kalau tidak besok ke kampus senin nama1 ke kampus nya,0
wisudaan kan hari jumat,wisudaan kan hari jumat,0
Slmt No Anda mendptkan Hadiah 1 unit MOBIL HONDA jazz dr promo TRI CARE 2016 dgn PIN PEMENANG:454647LM lnfo Klik:www.kejutanbimatri.blogspot.com,selamat no anda mendapatkan hadiah 1 unit mobil honda jazz dari promo tri care 2016 dengan pin pemenang 454647lm lnfo klik link,1
Ada nya instagram,ada nya instagram,0
aku kira bukan besoook :'(,saya kira bukan besook,0
Anda brminat cash&kredit mtor scond brg istmwa tipe&merk apa sj.dsini mnyediakn 50 unit dr thn 2004 keatas hub 087739124242/085743146233 MS DEDIKTP luar yk bs.,anda brminat cash kredit mtor scond brg istmwa tipe merk apa sj dsini mnyediakn 50 unit dari thn 2004 keatas hubungi 087739124242 085743146233 ms dediktp luar yk bs,1
Beli 6 Gratis 6 Donut dari DUNKIN DONUTS BORMA SETIABUDHI. Tukarkan SMS ini segera. Hanya berlaku untuk hari ini. Selama persediaan masih ada. Promo *606#,beli 6 gratis 6 donut dari dunkin donuts borma setiabudhi tukarkan sms ini segera hanya berlaku untuk hari ini selama persediaan masih ada promo 606,1
"bebas nama1, terus nanti kalau ada tgl libur, pajuin aja misal jadi kamis atau sabtu.",bebas nama1 terus nanti kalau ada tgl libur pajuin saja misal jadi kamis atau sabtu,0
Sayang sekali kamu kalah cepat. Tapi jangan khawatir! Ayo coba lagi di sesi berikutnya! * Pastikan kamu membaca pesan dari LINE Indonesia untuk mendapatkan info mengenai waktu dan hadiah pada event sesi berikutnya,sayang sekali kamu kalah cepat tapi jangan khawatir ayo coba lagi di sesi berikutnya pastikan kamu membaca pesan dari line indonesia untuk mendapatkan informasi mengenai waktu dan hadiah pada event sesi berikutnya,1
"NASABAH Yth, Anda Di Minta Menghub BRI Prihal Tabugan Anda dapat Cek Rp.27jt dri BRI dgn KODE CEK: 02599875 INFO Klik: www.callcenterbankbri.blogspot.co.id",nasabah yang terhormat anda di minta menghub bri prihal tabugan anda dapat cek rupiah 27jt dari bri dengan kode cek 02599875 informasi klik link,1
"Nikmati Combo Wendy's Fried Chicken, nasi dan minum hanya Rp. 19.000 periode 13-19 Juni'16.Tukarkan SMS ini di Wendy's terdekat! Persediaan terbatas.Promo *606#",nikmati combo wendy s fried chicken nasi dan minum hanya rupiah 19 00 periode 13 19 juni 16 tukarkan sms ini di wendy s terdekat persediaan terbatas promo 606,1
"Ass, mengenai rumah dan tanah yg kemarin, sy sdah survei, sy mrasa cocok, untuk nego harga hubungi atau sms suami saya, pak. haji. dermawan; 085796022225.",ass mengenai rumah dan tanah yang kemarin saya sdah survei saya mrasa cocok untuk nego harga hubungi atau sms suami saya pak haji dermawan 0857960225,1
"PLENETCELL Cari agen U/jual pulsa All operator Harga pulsa, P5=4500 P10=8500 P20=17rb Untuk info ketik:INFO kirim ke: 085280948777 Atau Hhb CS: 082328823345",plenetcell cari agen untuk jual pulsa all operator harga pulsa p5 4500 p10 8500 p20 17rb untuk informasi ketik informasi kirim ke 08528094877 atau hhb cs 082328823345,1
Belikan dulu mama pulsa simpati 20 ribu ini nomor barunya mama 081223052854. kalau bisa kirim sekarang secepatnya penting. Ini hpnya orang mama pinjam,belikan dulu mama pulsa simpati 20 ribu ini nomor barunya mama 081223052854 kalau bisa kirim sekarang secepatnya penting ini hpnya orang mama pinjam,1
Merdeka Hot Sale 45%! Kuota 5GB 30Hari(Rp125rb) CUMA Rp68rb penawaran terbatas! Cek SEKARANG di *111*1# .D966,merdeka hot sale 45 kuota 5gb 30hari rp125rb cuma rp68rb penawaran terbatas cek sekarang di 11 1 d966,1
Anda pmain togel sring kalah.mau bagi hasil. MBAH JOKO bisah mbntu anda SIO/ANGKA dari RETUWAL Berminat. Hub : MBAH JOKO.di. 085217984299 Dijamin 100% tembus,anda pmain togel sring kalah mau bagi hasil mbah joko bisah mbntu anda sio angka dari retuwal berminat hubungi mbah joko di 085217984299 dijamin 100 tembus,1
"bagi yang sudah diuji segera diserahkan dgn dijilid, bagi yg sdg nunggu diuji sabar tuk sesuaikan waktupenguji..",bagi yang sudah diuji segera diserahkan dengan dijilid bagi yang sdg nunggu diuji sabar tuk sesuaikan waktupenguji,0
Dapatkan GRATIS Wendy's Crispy Chicken Sandwich dengan minimal pembelian Rp.100.000. Tukarkan SMS ini di Wendy's terdekat! Persediaan terbatas. Promo *606#,dapatkan gratis wendy s crispy chicken sandwich dengan minimal pembelian rupiah 100 00 tukarkan sms ini di wendy s terdekat persediaan terbatas promo 606,1
Gunakan Grab dan nikmati 75% diskon untuk 10x bagi pengguna baru. Masukkan kode COBAGRABCAR sekarang juga dan ajak teman-temanmu keliling bandung tanp,gunakan grab dan nikmati 75 diskon untuk 10x bagi pengguna baru masukkan kode cobagrabcar sekarang juga dan ajak teman temanmu keliling bandung tanp,1
Kang nama1 tuh baru menang 2 Milyar hahaha.. Kemakom berprestasi,kang nama1 tuh baru menang 2 milyar hahaha kemakom berprestasi,0
PESAN RESMI PT.3care indonesia Mengucapkan slmt'No.simcard anda resmi meraih hadiah ke-3 dengan pin ; b8337h9 u/info hadiah klik www.pesta-hadiah3.blogspot.com,pesan resmi pt 3care indonesia mengucapkan selamat no simcard anda resmi meraih hadiah ke 3 dengan pin b8337h9 untuk informasi hadiah klik link,1
Mul snack satu lagi teteh kasih rafael ya,mul snack satu lagi teteh kasih rafael ya,0
Yg sebelah warteg bahri apa sebrangnya? Yg 15,yang sebelah warteg bahri apa sebrangnya yang 15,0
"Pesanan #342877938 - mohon transfer Rp.59,755 ke BNI Account ####  sebelum 24 Jun, 2016. Mohon periksa email anda untuk info lebih lanjut.",pesanan 342877938 mohon transfer rupiah 59 755 ke bni account sebelum 24 jun 2016 mohon periksa email anda untuk informasi lebih lanjut,0
Gimana nuy menghadapi beliau?,gimana nuy menghadapi beliau,0
Okeee kalau telor butuhnya segimana? ,okee kalau telor butuhnya segimana,0
Saat2 terbaik mencari pasangan tuh pas kuliah bukan sih?  Apa enak ditempat kerja? ,saat2 terbaik mencari pasangan tuh pas kuliah bukan sih apa enak ditempat kerja,0
"Ass.sy SUGIYONO yg tempo hari mngenai mobil TOYOTANYA,sy brminat,cocok,tlong hub sodara sy dlu,untuk negosiasi harganya. A/N;ABDULLAH HP;081389909777",ass saya sugiyono yang tempo hari mngenai mobil toyotanya saya brminat cocok tlong hubungi sodara saya dlu untuk negosiasi harganya a n abdullah handphone 08138990977,1
"Bentar lg ke gik, buru2 ga? Kalo buru2 nitip yg ngontrak ipc aj",bentar lagi ke gik buru2 tidak kalau buru2 nitip yang ngontrak ipc aj,0
"Di folder sql, aya sql rawatdaruat.sql tinggal sesuain sama yang maneh we. Cobaan k ente jalanken. Di urg mh teu jalan ngan load view mh bisa. Error di database. Soalna lieur gabungken database na.",di folder sql aya sql rawatdaruat sql tinggal sesuain sama yang maneh we cobaan k ente jalanken di urg mh teu jalan ngan load view mh bisa error di database soalna lieur gabungken database na,0
"Lebih hemat langganan paket Data MINGGUAN. Cuma Rp10.900. Caranya? gampang kok, cukup ketik KUOTA(spasi)10K krm sms ke 363.",lebih hemat langganan paket data mingguan cuma rp10 900 caranya gampang kok cukup ketik kuota spasi 10k krm sms ke 363,1
Isi ulang Pulsa Rp.5000 regular oleh HD COM 4 SUKSES pada 09/02 12:34.Ref:763179369.GRATIS PULSA sd 250rb hg 7Hr 7Mlm.Ktk:GRATIS krm ke 123,isi ulang pulsa rupiah 500 regular oleh hd com 4 sukses pada 09 02 12 34 ref 763179369 gratis pulsa sd 250rb hg 7hr 7mlm ktk gratis krm ke 123,1
"nama1  jg text dy, text essay jawaban gt Jd misal nih ada murid sama guru, si guru ngasih ujian, nanti hasil jawaban ujian murid dibandingin sama jawaban dari guru (jawaban yg bener) trs outputnya berupa skor hasil ujian itu",nama1 juga text dy text essay jawaban gt jd misal ini ada murid sama guru si guru ngasih ujian nanti hasil jawaban ujian murid dibandingin sama jawaban dari guru jawaban yang bener terus outputnya berupa skor hasil ujian itu,0
"Sudah pak di email, saya cantumkan direct link juga diemail kalo misalkan file google drive tidak bisa di download",sudah pak di email saya cantumkan direct link juga diemail kalau misalkan file google drive tidak bisa di download,0
Silahkan tebak umurnya~,silahkan tebak umurnya,0
Daptkn e-TIKET pesawat PROMO melayani Domestik and internasional booking ONLINE cepat & aman hub: 085217845777/082310204777 Link www.citiling-travel.com,daptkn e tiket pesawat promo melayani domestik and internasional booking online cepat aman hubungi 08521784577 08231020477 link link,1
"Di transfer saja Uang'nya ke rekening BNI ini, a/n. ISMAWATI. Rek: 0248147033. SMS saja klo sdh kirim.",di transfer saja uang nya ke rekening bni ini a n ismawati rekening 0248147033 sms saja klo sudah kirim,1
Terima Kasih telah menggunakan Paket Data dari Indosat. Info detail tekan *123#,terima kasih telah menggunakan paket data dari indosat informasi detail tekan 123,1
Surat Keputusan PT.TRI CARE Slamat No.Anda Resmi Meraih Hadiah TOYOTA YARIS PIN Undian:477FBG7S Info Hub:089636872499 KLIK:www.pusat-tricare.com,surat keputusan pt tri care slamat no anda resmi meraih hadiah toyota yaris pin undian 477fbg7s informasi hubungi 089636872499 klik link,1
Data_pasien itu no_medrec sdgkn daftar ulang itu pake no_register karna field yg akan diisi saat daftar ulang beda maka tablenya beda,data pasien itu no medrec sdgkn daftar ulang itu pake no register karena field yang akan diisi saat daftar ulang beda maka tablenya beda,0
Jalani ibadah Haji dg nyaman tnpa prlu ganti kartu lokal.Nikmati GRATIS 2menit/hr trima telp dr IndosatOoredoo&Internet UNLIMITED Rp30Rb/hari.Info: *122*1# PAI3,jalani ibadah haji dg nyaman tnpa prlu ganti kartu lokal nikmati gratis 2menit hr trima telepon dari indosatooredoo internet unlimited rp30rb hari informasi 122 1 pai3,1
"Lebih hemat langganan paket Internet MINGGUAN dgn kuota 250MB Cuma Rp 10,000. Caranya gampang cukup ketik KUOTA (SPASI) 10K ke 363.",lebih hemat langganan paket internet mingguan dengan kuota 250mb cuma rupiah 10 00 caranya gampang cukup ketik kuota spasi 10k ke 363,1
"Terkini, ungkapin apa yang ada dipikiranmu lewat sticker line, beli pake pulsa TSel https://store.line.me/ download di stickershop",terkini ungkapin apa yang ada dipikiranmu lewat sticker line beli pake pulsa tsel link download di stickershop,1
"Patah hatinya level tinggi, jd bisa quotes begitu put",patah hatinya level tinggi jd bisa quotes begitu put,0
"aamiin, makasih semuanya moga cepat lulus juga",aamiin makasih semuanya moga cepat lulus juga,0
"Jam 12 wid, nanti berangkat jam 10",jam 12 wid nanti berangkat jam 10,0
"HARI TERAKHIR! Kunjungi Galeri Smartfren skrng, buat kamu Andromax A 4G jd 99rb (nrml 649rb). Tunggu apa lagi?!Stok terbatas.sd 22Agt.S&K.Info888.DL46J",hari terakhir kunjungi galeri smartfren skrng untuk kamu andromax a 4g jd 99rb nrml 649rb tunggu apa lagi stok terbatas sd 22agt s k info88 dl46j,1
Surat keputusan resmi dr Tri Care No.XV/2016 PIN Pemenang Anda=39XV544F Mendpt-1 unit Mobil HONDA JAZZ Rs U/Info klik www.kejutantriindonesia.blogspot.co.id ,surat keputusan resmi dari tri care no xv 2016 pin pemenang anda 39xv544f mendpt 1 unit mobil honda jazz rs untuk informasi klik link,1
"Assalamualaikum Bu. Saya nama1 mhsi ilkom 2012 baru dpt pembimbing skripsi. Mohon maaf bu, kalau minggu ini ada di kampus hari ap aj Bu? Terima kasih.",assalamualaikum bu saya nama1 mhsi ilkom 2012 baru dapat pembimbing skripsi mohon maaf bu kalau minggu ini ada di kampus hari ap aj bu terima kasih,0
Ini Rekeningnya BANK MANDIRI. NO.Rek:150-00-1002402-2.A/n: MURTIANI,ini rekeningnya bank mandiri no rekening 150 00 1002402 2 a n murtiani,1
"Baik Pak, bsk sekalian kami bawa form penilaian ya Pak, dan berkas lainnya.",baik pak bsk sekalian kami bawa form penilaian ya pak dan berkas lainnya,0
"ANEKA SHOP Berbagi Promo Type Blackberry DAKOTA 2,4 jt, TOURCH 1,7 jt, ONIX.2 1,5 jt, GEMINI 800 rb, U/Pemesanan 085325557999 Pin BB-2A96DE82 www.aneka999.blogspot.com",aneka shop berbagi promo type blackberry dakota 2 4 juta tourch 1 7 juta onix 2 1 5 juta gemini 800 ribu untuk pemesanan 0853255799 pin bb 2a96de82 link,1
Bisa bu...buka jam 11 bu,bisa bu buka jam 11 bu,0
22nya mad. Aku bingung bkn laporannya 😂,22nya mad saya bingung bkn laporannya,0
2016/08/21 12:27:32 PIN baru TCash anda adalah 605598. Silahkan menggunakan PIN baru anda untuk menikmati layanan TCash Telkomsel,2016 08 21 12 27 32 pin baru tcash anda adalah 605598 silahkan menggunakan pin baru anda untuk menikmati layanan tcash telkomsel,0
"Nikmati kemudahan pembayaran iuran BPJS dgn TCASH. Cukup hubungi *800#, pilih menu pembayaran ATAU gunakan app T-Wallet di smartphone Android dan iPhone.",nikmati kemudahan pembayaran iuran bpjs dengan tcash cukup hubungi 800 pilih menu pembayaran atau gunakan app t wallet di smartphone android dan iphone,1
Kuota Internet sudah habis. Segera isi kuota Anda di *123# atau akses aplikasi BimaTRI dari gadget Anda. Info:123,kuota internet sudah habis segera isi kuota anda di 123 atau akses aplikasi bimatri dari gadget anda informasi 123,1
"DISKON 30RIBU khusus pelanggan baru Grab di Bandung. Berlaku 3x: kode promo URANGBANDUNG. Tak usah repot jalanan macet dan susah parkir, Hayu ngeGrab we atuh!",diskon 30ribu khusus pelanggan baru grab di bandung berlaku 3x kode promo urangbandung tidak usah repot jalanan macet dan susah parkir hayu ngegrab we atuh,1
"Assalamu'alaikum, nama1 mau minta bantuan.",assalamu alaikum nama1 mau minta bantuan,0
"Uangnya dikirim aja ke Rekening ini, BankBNI a/n SAFITRI  No.Rekening 0282566132",uangnya dikirim saja ke rekening ini bankbni a n safitri no rekening 0282566132,1
Asal pagi pagi ya.. Bjam 10an saya sudah ke jakarta..,asal pagi pagi ya bjam 10an saya sudah ke jakarta,0
krn pulsa/limit tidak mencukupi. Dptkan informasi seputar kartu Tri di *123# atau via aplikasi BIMATRI,karena pulsa limit tidak mencukupi dptkan informasi seputar kartu tri di 123 atau via aplikasi bimatri,0
Kalo nonton hr ini mahal yah? Week end,kalau nonton hr ini mahal yah week end,0
Iyalah makin malam makin mahal kek yg suka dijalanan,iyalah makin malam makin mahal kek yang suka dijalanan,0
"Blackberry City Jual Blackberry Discond 40% Dakota 2,5jt Torch2 2,2jt Onyx3 2,1jt Davis 1,3jt Gemini 3G 1,1jt U/info Hub: Ibu.Anita 081315277257 PIN BB:29762D76",blackberry city jual blackberry discond 40 dakota 2 5jt torch2 2 2jt onyx3 2 1jt davis 1 3jt gemini 3g 1 1jt untuk informasi hubungi ibu anita 081315277257 pin bb 29762d76,1
"Mengenai Rumah Bpk/Ibu yg mau di jual sdh di survey dan sy berminat,sy telpon tdk bisa tembus. masalah hrg hub suami sy. 0823-7390-1777 Dr.H.IRAWAN",mengenai rumah bpk ibu yang mau di jual sudah di survey dan saya berminat saya telpon tidak bisa tembus masalah hrg hubungi suami saya 0823 7390 177 dari h irawan,1
"Duh gusti disini ujan gede, semoga di riung gak bocor yah gais",duh gusti disini ujan gede semoga di riung tidak bocor yah gais,0
"Engga teh aku udh siap, mau brgkt ini. Aku td line teteh",engga teh saya sudah siap mau brgkt ini saya tadi line teteh,0
Jadi kitanya harus cari kesibukan jg ya? Biar ga mikirin cowo melulu,jadi kitanya harus cari kesibukan juga ya biar tidak mikirin cowo melulu,0
INFO RESMI kepada/bpk/ibu yang terhormat SELAMAT No ANDA Pemenang ke 2dari pesta isi ulang 3care. No PIN:25e477r di undi tadi malam pkl 22:30 di SCTV U/info hadiah anda klik Www.tricare16.blogspot.com,informasi resmi kepada bpk ibu yang terhormat selamat no anda pemenang ke 2dari pesta isi ulang 3care no pin 25e477r di undi tadi malam pkl 22 30 di sctv untuk informasi hadiah anda klik link,1
Uangnya di Trnsfer di BNI ini aja a/n RASTINA NO.REK.0253 7915 37.Klo sdh d Trnsfer Sms aja di no ini 085293355598 Trmks.,uangnya di trnsfer di bni ini saja a n rastina no rekening 0253 7915 37 klo sudah d trnsfer sms saja di no ini 08529335598 trmks,1
"SELAMAT, Anda memenangkan 1 UNIT MOBIL FREED dr TELKOMSEL, Edisi THN 2013 di undi tdi mlm pkl 23:30 di RCTI U/info Hub : 082329676767 H. MULYADI Pengirim : +777",selamat anda memenangkan 1 unit mobil freed dari telkomsel edisi thn 2013 di undi tdi mlm pkl 23 30 di rcti untuk informasi hubungi 082329676767 h mulyadi pengirim 77,1
Assalamualaikum Pak. Ini dg nama1 ilkom 2012. Maaf Pak td saya ninggalin proposal di meja Bapak di atas printer. Terima kasih Pak.,assalamualaikum pak ini dg nama1 ilkom 2012 maaf pak tadi saya ninggalin proposal di meja bapak di atas printer terima kasih pak,0
"Ma"" belikan dulu besok pulsa 20rbu di no baruku ini 085340781778 penting",ma belikan dulu besok pulsa 20rbu di no baruku ini 085340781778 penting,1
"boleh install sendiri, nanti juga saya bawa installernya.",boleh install sendiri nanti juga saya bawa installernya,0
"ooh iya klo controler, ku kira td modelnya.",ooh iya klo controler ku kira tadi modelnya,0
Kok antara optimis dan ngga yah 😟,kok antara optimis dan tidak yah,0
4.5GB/30 hari hanya Rp 55 Ribu Spesial buat anda yang terpilih. Aktifkan sekarang juga di *550*907# Buruan..! SKB,4 5gb 30 hari hanya rupiah 55 ribu spesial untuk anda yang terpilih aktifkan sekarang juga di 550 907 buruan skb,1
"Terima kasih tlh melakukan isi ulang tgl. 20.02.2016. GRATIS NELPON 60Menit+VIDEO, tekan *900*9# lalu YES/OK",terima kasih tlh melakukan isi ulang tgl 20 02 2016 gratis nelpon 60menit video tekan 900 9 lalu yes ok,1
"Selamat tambahan Flash Anda sudah aktif, berlaku s.d. 2016-08-07 23:59:59.",selamat tambahan flash anda sudah aktif berlaku s d 2016 08 07 23 59 59,1
Guntur ingin berhubungan di Facebook:http://fb.com/l.1lnzH4p0lCM7ruG Balas “stop” unruk berhenti menerima sms Facebook.,guntur ingin berhubungan di facebook link balas stop unruk berhenti menerima sms facebook,1
sekalian liburannya ke malaysia juga wkwk,sekalian liburannya ke malaysia juga tertawa,0
"nama1, minta database kamu sama view dan controller yang ada js buat dropdown kotanya.",nama1 minta database kamu sama view dan controller yang ada js untuk dropdown kotanya,0
silahkan berkas dambil di ruang saya,silahkan berkas dambil di ruang saya,0
Da sebenernya makan sama indomie ge cukup aku mah 😂,da sebenernya makan sama indomie ge cukup saya mah,0
Aku besok dtg agak telat jam 8 boleh ngga? Kan jam 10 ya mulainya?,saya besok dtg agak telat jam 8 boleh tidak kan jam 10 ya mulainya,0
"Transfer ke Bank xxx saja a/n xxx No rek 7390685xxx, kalau sudah ditransfer SMS ke no ini ya!",transfer ke bank xx saja a n xx no rekening 7390685xx kalau sudah ditransfer sms ke no ini ya,1
"Jd misal nih ada murid sama guru, si guru ngasih ujian, nanti hasil jawaban ujian murid dibandingin sama jawaban dari guru (jawaban yg bener) trs outputnya berupa skor hasil ujian itu",jd misal ini ada murid sama guru si guru ngasih ujian nanti hasil jawaban ujian murid dibandingin sama jawaban dari guru jawaban yang bener terus outputnya berupa skor hasil ujian itu,0
2016/08/21 12:27:17 Anda telah terdaftar sebagai pelanggan TCASH full service. Tingkatkan saldo Anda dg isi saldo TCASH di merchant berlogo TCASH terdekat.,2016 08 21 12 27 17 anda telah terdaftar sebagai pelanggan tcash full service tingkatkan saldo anda dg isi saldo tcash di merchant berlogo tcash terdekat,0
nama1  kalau kelompok sistem pembelajaran bhs jepang itu siapa ajaa?,nama1 kalau kelompok sistem pembelajaran bhs jepang itu siapa ajaa,0
"Wkwk tumben kar biasanya masing2 punya sendiri kar, sampe yg sewarna ada 3",tertawa tumben kar biasanya masing2 punya sendiri kar sampe yang sewarna ada 3,0
nama1 ke pt. inti?,nama1 ke pt inti,0
Anda mendapatkan 1 kupon dalam program Kartu As BIBER (Beli Internet Berhadiah). Cek total kupon maksimal 1x24 jam dari skrg di *100*123#. Info lengkap hub:188,anda mendapatkan 1 kupon dalam program kartu as biber beli internet berhadiah cek total kupon maksimal 1x24 jam dari sekarang di 100 123 informasi lengkap hubungi 188,1
"SUPER Wow! Gratis 12 GB buat kamu, ckup dgn isi pulsa minimun Rp 100 Ribu s.d 22 November. Hanya berlaku satu kali kesempatan & berlaku akumulasi loh! TL053C",super wow gratis 12 gb untuk kamu ckup dengan isi pulsa minimun rupiah 100 ribu s d 22 november hanya berlaku satu kali kesempatan berlaku akumulasi loh tl053c,1
Setting telah dikirimkan ke ponsel Anda. Ikuti petunjuk yang diberikan untuk menyelesaikan setting internet dan kirim fot/MMS,setting telah dikirimkan ke ponsel anda ikuti petunjuk yang diberikan untuk menyelesaikan setting internet dan kirim fot mms,0
Coba siapa yg lagi di prodi? Punten liatin jadwal sidang. Ada tulisan suruh kumpul jam brp gitu gak? Nuhun,coba siapa yang lagi di prodi punten liatin jadwal sidang ada tulisan suruh kumpul jam brp gitu tidak nuhun,0
Awal bulan saat nya anda eksis lebih lama! Internetan pake volume ultima 900MB/30hr. Hrga mulai Rp 35rb di *100*471#. Tarif&lokasi cek di tsel.me/FL,awal bulan saat nya anda eksis lebih lama internetan pake volume ultima 900mb 30hr hrga mulai rupiah 35rb di 100 471 tarif lokasi cek di tsel me fl,1
Anda akan mengaktifkan Paket BBM Gratis berlaku 30 hari dari pertama kali aktivasi. Ketik FLASH (spasi) YA untuk melanjutkan,anda akan mengaktifkan paket bbm gratis berlaku 30 hari dari pertama kali aktivasi ketik flash spasi ya untuk melanjutkan,1
"yaudah, minta data dummy untuk diagnosa_pasien dong",yaudah minta data dummy untuk diagnosa pasien dong,0
Selamat Paket Anda telah aktif. Cek kuota di *889#,selamat paket anda telah aktif cek kuota di 889,1
"Oke, Senin deh ya ke kantor. Aku sms bapa. Laporan nyusul aja gt mengingat di laporan jg ada lampiran dan revisi penguji*",oke senin deh ya ke kantor saya sms bapa laporan nyusul saja gt mengingat di laporan juga ada lampiran dan revisi penguji,0
BONUS PULSA 50rb cuma dgn isi ulang 25rb!! Hny Indosat yg bisa begini. Penawaran berlaku s/d 11 April 2016. Bonus 1x utk digunakan ke sesama Indosat Ooredoo,bonus pulsa 50rb cuma dengan isi ulang 25rb hny indosat yang bisa begini penawaran berlaku s d 11 april 2016 bonus 1x untuk digunakan ke sesama indosat ooredoo,1
nama1 maapin baru buka line,nama1 maapin baru buka line,0
"INFO RESMI: PT.INDOFOOD Selamat Anda M-DPT MOBIL NISSAN JUKE, Kejutan Pop Mie. PIN:2F5C4D7 HUBUNGI:085715023547 DRS.H.NALDISUPARMAN www.gebyarpopmie40.webs.com",informasi resmi pt indofood selamat anda m dapat mobil nissan juke kejutan pop mie pin 2f5c4d7 hubungi 085715023547 drs h naldisuparman link,1
"Transfer ke Mandiri aja, a/n Resti Amanda norek 9000007701999",transfer ke mandiri saja a n resti amanda norek 900770199,1
Ada semua di panduan pla..dishare di grup ini dan fb,ada semua di panduan pla dishare di grup ini dan fb,0
"MEGA PRIMA TAMA PROMO DISCON 20-50% Blackberry dacota rp. 2.700.000 onyx 2 rp. 1,8 iphon,ipad Laptop, Camera, DLL INFO www.megaprimatama.com PIN BB 2A9EA404",mega prima tama promo discon 20 50 blackberry dacota rupiah 2 700 00 onyx 2 rupiah 1 8 iphon ipad laptop camera dll informasi link pin bb 2a9ea404,1
Ada belakang warkop deket indomaret gerum 500/bulan,ada belakang warkop deket indomaret gerum 500 bulan,0
"ISI PULSA lebih untung di MYVPLUS! selain dpt PULSA kamu bisa lsg dpt voucher diskon, dpt hadiah dan juga dpt point. Yuk klik : http://bit.ly/Myvplus",isi pulsa lebih untung di myvplus selain dapat pulsa kamu bisa lsg dapat voucher diskon dapat hadiah dan juga dapat point yuk klik link,1
"Ayam (sayap/paha bawah), Nasi, Perkedel Rp. 19.545. GRATIS Teh Pucuk. Tukar SMS ini di CFC HASAN SADIKIN hari ini. Selama Persediaan msh ada. Promo *606#",ayam sayap paha bawah nasi perkedel rupiah 19 545 gratis teh pucuk tukar sms ini di cfc hasan sadikin hari ini selama persediaan msh ada promo 606,1
"Mudah2an ya dil, besok mau coba ke telkom lg, doain yah (tear)",mudah2an ya dil besok mau coba ke telkom lagi doain yah tear,0
BONUS PULSA Rp 100 rb..!! Spesial untuk kamu pelanggan setia Indosat Ooredo.Hanya dengan isi ulang Rp150rb skrg juga! Penawaran berlaku s.d 13 Jan 2016 (bonus hanya 1x),bonus pulsa rupiah 100 ribu spesial untuk kamu pelanggan setia indosat ooredo hanya dengan isi ulang rp150rb sekarang juga penawaran berlaku s d 13 jan 2016 bonus hanya 1x,1
Kartu SIM Anda telah berhasil diganti. Terima kasih,kartu sim anda telah berhasil diganti terima kasih,0
Dmana aja kang boleh hehe,dmana saja kang boleh tertawa,0
Mohon maaf lahir dan batin ipa3😚😚,mohon maaf lahir dan batin ipa3,0
"Kumpulnya makan daging, jadi gak usah ke resto :D",kumpulnya makan daging jadi tidak usah ke resto d,0
"PUAS Internetan, Chatting, Facebook dan nonton Video selama 30 hari hingga 1.5 GB Cuma Rp 30ribu. Beli paket di *100*1#",puas internetan chatting facebook dan nonton video selama 30 hari hingga 1 5 gb cuma rupiah 30ribu beli paket di 100 1,1
"GT-SHOP Disc.41% BB Z10 3jt BB Torch 2jt BB Davis 1jt Minat? Galaxy S4 3,5jt Cp.08994352577 Pin.25A1785B Gili-SMS versi Demo. Http://www/yusiwa.com",gt shop disc 41 bb z10 3jt bb torch 2jt bb davis 1jt minat galaxy s4 3 5jt cp 08994352577 pin 25a1785b gili sms versi demo link,1
Cara panggil na localhost/SistemRumahSakit/gerbang/rawatdarurat,cara panggil na localhost sistemrumahsakit gerbang rawatdarurat,0
"Nikah juga proses put, kadang diatas, kadang dibawah, gak selalu enak enak wkwkwkwk",nikah juga proses put kadang diatas kadang dibawah tidak selalu enak enak wkwkwkwk,0
No bri atas nama kamu mana,no bri atas nama kamu mana,0
Semoga Allah bersama kita Semua.,semoga allah bersama kita semua,0
Selamat Paket 50 SMS ke semua operator Anda telah aktif. Cek kuota di *888#,selamat paket 50 sms ke semua operator anda telah aktif cek kuota di 88,1
 Di kfc yg deket enhaii ada dy,di kfc yang deket enhaii ada dy,0
Kita kmpul yu sblum puasa :-) waktunya ,kita kmpul yu sblum puasa waktunya,0
"Dapatkan BONUS PULSA hg 50rb jika isi ulang di hari Minggu, isi ulang mulai dr 10rb. Ktk: GRATIS krm ke 123. Panduan: ketik PAN krm ke123. Cek bonus tekan*555*3#",dapatkan bonus pulsa hg 50rb jika isi ulang di hari minggu isi ulang mulai dari 10rb ktk gratis krm ke 123 panduan ketik pan krm ke123 cek bonus tekan 55 3,1
Besok dwm jadi ya praktikum weka. Bawa laptop.,besok dwm jadi ya praktikum weka bawa laptop,0
Migrasikan kartu Anda ke kartuHalo (NOMOR TETAP SAMA). DAPATKAN Paket Spesial 4GB Hanya 25rb/bulan. kunjungi GraPARI & tunjukan SMS ini.(Promo Terbatas).SKB,migrasikan kartu anda ke kartuhalo nomor tetap sama dapatkan paket spesial 4gb hanya 25rb bulan kunjungi grapari tunjukan sms ini promo terbatas skb,1
"supaya kita bisa mulai cepat, tolong posisi duduknya diatur dari awal, diberi jarak satu kolom kosong selang seling.",supaya kita bisa mulai cepat tolong posisi duduknya diatur dari awal diberi jarak satu kolom kosong selang seling,0
"NASIB:Berbagi, berbakti Rutinkan 2 hal ini Maka ringanlah beban2 hidup. dpt wallppr di http://m.m4in.biz/r?74WhuM STOP: *123*66# / ketik UNREG NASIB ke 92828 CS: 087789917018",nasib berbagi berbakti rutinkan 2 hal ini maka ringanlah beban2 hidup dapat wallppr di link stop 123 66 ketik unreg nasib ke 92828 cs 087789917018,1
INDOSATpoin Plus-plus 2013 SELAMAT SimCard +6281571xxxx Resmi Terpilih M-dpt HADIAH Pin-b89c7h9-di Sahkan Oleh PT.INDOSAT info klik www.infoindosatpoin.webs.com,indosatpoin plus plus 2013 selamat simcard 6281571xx resmi terpilih m dapat hadiah pin b89c7h9 di sahkan oleh pt indosat informasi klik link,1
"Aku merasa geleh sendiiri ini lipstik aku merah sekali wkkw, mana dapet dikasih ini jg",saya merasa geleh sendiiri ini lipstik saya merah sekali wkkw mana dapet dikasih ini juga,0
Eh aku instances deh. Diload ga bs ,eh saya instances deh diload tidak bs,0
"persiapkan dengan dokumen draftnya diambil di ruang saya, slide presentasi tuk pengujian..",persiapkan dengan dokumen draftnya diambil di ruang saya slide presentasi tuk pengujian,0
Saya brsik masih cuti bati ke kantor har rabu,saya brsik masih cuti bati ke kantor har rabu,0
"BONUS Rp. 5,000 untuk kamu! Cukup telpon teman kamu selama 2 menit hari ini untuk mendapatkan bonusnya, khusus hari ini saja!  A010",bonus rupiah 5 00 untuk kamu cukup telpon teman kamu selama 2 menit hari ini untuk mendapatkan bonusnya khusus hari ini saja a010,1
"itu masih pake data dummy, ntar gampang itu mh.",itu masih pake data dummy nanti gampang itu mh,0
Kurang tau pasti sep periksa controllernya waktu instansiasi new tcpdf() aku lupa,kurang tau pasti sep periksa controllernya waktu instansiasi new tcpdf saya lupa,0
Kalau agus atau sept blm bisa menjamin ada kalau sekarang ada yang kosong,kalau agus atau sept belum bisa menjamin ada kalau sekarang ada yang kosong,0
"Koinmu tinggal dikit untuk lanjutin gamesmu? Beli pakai pulsa aja Bro, cek http://tsel.me/jajanonline",koinmu tinggal dikit untuk lanjutin gamesmu beli pakai pulsa saja bro cek link,1
"Mudahnya KTA baru untuk pinjaman s/d 200 jt.. bunga 1,5% & gratis asuransi.. copy KTP dan kartu kredit atau slip gaji Hub: mido 021 - 99399003",mudahnya kta baru untuk pinjaman s d 200 juta bunga 1 5 gratis asuransi copy ktp dan kartu kredit atau slip gaji hubungi mido 021 99399003,1
"Selamat, Anda mendapatkan kuota Tsel sebesar 100SMS. Cek kuota melalui *889#. Info: www.telkomsel.com",selamat anda mendapatkan kuota tsel sebesar 100sms cek kuota melalui 889 informasi link,1
"Transfer ke BNI aja, a/n SORAYA HARUM rek;0233-293-922 klo sdh kbrin di nmr ini ya!",transfer ke bni saja a n soraya harum rekening 0233 293 922 klo sudah kbrin di nmr ini ya,1
Beli es kelapa depan d besto teh,beli es kelapa depan d besto teh,0
"Yuk INTERNET-an NGEBUT utk akses FB, Twitter, & Chatting dgn beli Paket Flash 500MB/7hr (sesuai zona lokasi) mulai Rp25rb di *100*433# cek tarif di tsel.me/FL",yuk internet an ngebut untuk akses fb twitter chatting dengan beli paket flash 500mb 7hr sesuai zona lokasi mulai rp25rb di 100 433 cek tarif di tsel me fl,1
"Ya Allah, semoga yg mempunyai hp ini & keluarganya selalu dalam Kasih Sayang Mu, diberkahi rejekinya & dijauhkan dari mara bahaya"", jawab Amin jika Anda berkenan",ya allah semoga yang mempunyai handphone ini keluarganya selalu dalam kasih sayang mu diberkahi rejekinya dijauhkan dari mara bahaya jawab amin jika anda berkenan,1
PESAN RESMI Selamat No Simcard Anda M-dptkan Hadiah Cek Rp.100juta dr TRI CARE Pin: 7Y7R8K9Z Info Kelik: www.gebyar3care15.blogspot.com,pesan resmi selamat no simcard anda m dptkan hadiah cek rupiah 100juta dari tri care pin 7y7r8k9z informasi kelik link,1
Besok yuk dua jam bih dari jam 4-6,besok yuk dua jam bih dari jam 4 6,0
Ka aku ga bisa liat kosannya skrg :( soalnya ngerjain uts take home ka ,ka saya tidak bisa liat kosannya sekarang soalnya ngerjain uts take home ka,0
Hari ini!! BRONET Special 4GB (2GB 24Jam+2GB 00-06) 60hr Rp24900 dan BRONET 24Jam 1GB 60hr Rp10900. AYO SEGERA aktifkan paket kamu di *123*888#. Info838 LD309,hari ini bronet special 4gb 2gb 24jam 2gb 00 06 60hr rp24900 dan bronet 24jam 1gb 60hr rp10900 ayo segera aktifkan paket kamu di 123 88 info838 ld309,1
BONUS PULSA 10RB! Ayo isi pulsa min. 5rb & dapetkan bonus pulsa 10rb utk nelp ke nmr Tri! Hanya hari ini saja! Ayo buruan isi pulsa! T530,bonus pulsa 10rb ayo isi pulsa min 5rb dapetkan bonus pulsa 10rb untuk nelp ke nmr tri hanya hari ini saja ayo buruan isi pulsa t530,1
Hub kita lg kalo udah dkt wktnya.,hubungi kita lagi kalau sudah dkt wktnya,0
Besok kekantor saya tunggu jam 9 ya..,besok kekantor saya tunggu jam 9 ya,0
"Raih smartphone, diskon merchant & free internet, voice, SMS di Promo 71 Tahun RI dengan tukar 17 Telkomsel POIN mulai 15Ags16 hanya di MyTelkomsel Apps",raih smartphone diskon merchant free internet voice sms di promo 71 tahun ri dengan tukar 17 telkomsel poin mulai 15ags16 hanya di mytelkomsel apps,1
"Maaf, pulsa Anda tidak cukup untuk melakukan pembelian paket Flash yang dipilih. Silahkan isi ulang pulsa Anda.",maaf pulsa anda tidak cukup untuk melakukan pembelian paket flash yang dipilih silahkan isi ulang pulsa anda,0
nama1 nmr kamu yg ini kan? ntr ayu sms kl udah dpn kosan yah,nama1 nmr kamu yang ini kan nanti ayu sms kalau sudah dpn kosan yah,0
Semangat!! Aku jg nanti bunganya aku titipin ya. Eh mau bunga atau makanan wid?,semangat saya juga nanti bunganya saya titipin ya eh mau bunga atau makanan wid,0
Pada ga aktif si tombol algoritma2 nya teh ga ngerti,pada tidak aktif si tombol algoritma2 nya teh tidak ngerti,0
"PESAN RESMI dri Tri Care,Selamat anda m-dptkan hadiah CEK TUNAI Sebesar Rp.45jt No:Pin undian 94AD653, U/Info kunjungi:www.pusat-bimatricare.jimdo.com",pesan resmi dari tri care selamat anda m dptkan hadiah cek tunai sebesar rupiah 45jt no pin undian 94ad653 untuk informasi kunjungi link,1
GRATIS internetan 5MB berlaku utk 7 hari hanya dg isi ulang AXISmu hari ini Rp5.000. Ayo isi ulang sekarang juga & nikmati bonusnya. Info838,gratis internetan 5mb berlaku untuk 7 hari hanya dg isi ulang axismu hari ini rp5 00 ayo isi ulang sekarang juga nikmati bonusnya info838,1
"Butuh Dana Tunai Cepat 25-250 Juta Dgn Bunga Rendah 1,35% Flat/Bln Proses Dijamin 3 Hari Syarat Mudah Info Ibu YANI : 081218986001",butuh dana tunai cepat 25 250 juta dengan bunga rendah 1 35 flat bln proses dijamin 3 hari syarat mudah informasi ibu yani 081218986001,1
"Mohon maaf, Promosi pinjaman uang tunai, syarat copy kartu kredit, bunga mulai 1,5 % bln, gratis asuransi, hub ANI 021 - 91949720 / LIA 021 - 34343669 , proses cepat",mohon maaf promosi pinjaman uang tunai syarat copy kartu kredit bunga mulai 1 5 bln gratis asuransi hubungi ani 021 91949720 lia 021 34343669 proses cepat,1
"PAKET BRONET 24JAM 2GB 60hr Rp28800 akan segera aktif. Temukan penawaran menarik AXIS lainnya, telp *123#.Info838",paket bronet 24jam 2gb 60hr rp28800 akan segera aktif temukan penawaran menarik axis lainnya telepon 123 info838,1
nama1 di kosan gaaa? Mau numpang dooong,nama1 di kosan gaa mau numpang doong,0
Bebas Pulsa! Ambil bonusmu di *600# (GRATIS). Dptkan gratis nelpon atau internetas atau promo lainnya sesuai hobimu!,bebas pulsa ambil bonusmu di 600 gratis dptkan gratis nelpon atau internetas atau promo lainnya sesuai hobimu,1
"Ada yg tdk bisa jam tertentu? Kemungkinan pagi jam 8, tapi nanti diumumkan.",ada yang tidak bisa jam tertentu kemungkinan pagi jam 8 tapi nanti diumumkan,0
"Semangat yang ibu gita, ibu putri dan bapak adison esok hari. Semoga diberikan yang terbaik. Aamiin",semangat yang ibu gita ibu putri dan bapak adison esok hari semoga diberikan yang terbaik aamiin,0
PESAN RESMI PT.3Care Indonesia Berkat isi Ulang No. Anda M-dptkan hadiah ke-3 Dengan kode PIN Anda (B8337H9) U/info hadiah klik; www.hadiah-pt3care34.blogspot.com,pesan resmi pt 3care indonesia berkat isi ulang no anda m dptkan hadiah ke 3 dengan kode pin anda b8337h9 untuk informasi hadiah klik link,1
PROMO BLACKBERRY BB Dakota 2jt BB Torch 1.5jt BB Davis 1.3jt BB Orlando 1.8jt BB Gemini 950rb Berminat Hub : 085715186696 Promo terbatas,promo blackberry bb dakota 2jt bb torch 1 5jt bb davis 1 3jt bb orlando 1 8jt bb gemini 950rb berminat hubungi 085715186696 promo terbatas,1
"Saya ijin undur diri, kalau ada kepentingan mangga di japri saja. Terima kasih (middle eastern woman)",saya ijin undur diri kalau ada kepentingan mangga di japri saja terima kasih middle eastern woman,0
emang berbayar nama1 .,emang berbayar nama1,0
"Dana Tunai (KTA) bunga 0,99% hingga 300 jt. Syarat KTP & CC.
Bisa Dgn BPKB rate 0.99% 3 hari CAIR . hub AYU 081584650877 (WA).mhn maaf bila menggangu",dana tunai kta bunga 0 99 hingga 300 juta syarat ktp cc bisa dengan bpkb rate 0 99 3 hari cair hubungi ayu 081584650877 wa mhn maaf bila menggangu,1
Oh udah yah haha aku bingung jd gimana udh ketinggalan banyak chat,oh sudah yah tertawa saya bingung jd gimana sudah ketinggalan banyak chat,0
"Terimakasih, saat ini Anda masih terdaftar sebagai pelanggan TCash.",terimakasih saat ini anda masih terdaftar sebagai pelanggan tcash,0
Kalau ini gagal. Urg pindah haluan ke sana deh,kalau ini gagal urg pindah haluan ke sana deh,0
Kepada yth bpk/ibu pelanggan tri saya sumargani dr OPERATOR tri plaza semanggi lt1 jl jend sudirman kav50 jkt pst kirim sms krn nmr anda sulit saya hubungi dengan hal sebagai berikut nmr anda mendapat HADIAH dr promo undian 2013 HADIAH KE4 SUZUKI ERTIGA PIN ANDA:7t899b3 info.www.promotri2013.jimdo.com,kepada yang terhormat bpk ibu pelanggan tri saya sumargani dari operator tri plaza semanggi lt1 jl jend sudirman kav50 jkt pst kirim sms karena nmr anda sulit saya hubungi dengan hal sebagai berikut nmr anda mendapat hadiah dari promo undian 2013 hadiah ke4 suzuki ertiga pin anda 7t899b3 informasi link,1
Nomormu memang yang paling beruntung: Tes Identitas tersedia untukmu! Menangkan pulsa Rp10rb pada tes ke-30. Kirim SMS Y ke 99455 sekarang! Info:838 VD001,nomormu memang yang paling beruntung tes identitas tersedia untukmu menangkan pulsa rp10rb pada tes ke 30 kirim sms y ke 99455 sekarang informasi 838 vd001,1
"Use my invite code, nxmvf722ue, and get a free ride up to Rp75,000. Redeem it at https://www.uber.com/invite/nxmvf722ue",use my invite code nxmvf722ue and get a free ride up to rp75 00 redeem it at link,1
"Special PROMO! BONUS KUOTA 500MB (1hr)! Cukup isi ulang mulai dari 5,000 hari ini! Ayo buruan isi pulsa sekarang juga. T580",special promo bonus kuota 500mb 1hr cukup isi ulang mulai dari 5 00 hari ini ayo buruan isi pulsa sekarang juga t580,1
tes toefl di balai bisa weekend ga?,tes toefl di balai bisa weekend tidak,0
"quota 1,5 GB harga hanya mulai 32,5 ribu, beli paketnya di *100*1# Puas internetan selama 30 hari",quota 1 5 gb harga hanya mulai 32 5 ribu beli paketnya di 100 1 puas internetan selama 30 hari,1
Load controller bisa di construct mad? Kmren aku coba ga bs terpaksa di dlm fungsi,load controller bisa di construct mad kmren saya coba tidak bs terpaksa di dalam fungsi,0
"Okayyy, nanti siang jam 1an hehe. Ga kemana-mana hari ini?",okayy nanti siang jam 1an tertawa tidak kemana mana hari ini,0
Dimulai dari angka 0,dimulai dari angka 0,0
Iyaaaa ayyuuuukk biar kamu bisa reunian dg org sana fir,iyaa ayyuukk biar kamu bisa reunian dg org sana fir,0
"Mainkan terus games mu sekarang, dan beli koinnya pakai pulsamu, cek caranya di http://tsel.me/jajanonline",mainkan terus games mu sekarang dan beli koinnya pakai pulsamu cek caranya di link,1
Gais kalo dri upi ke unisba pake angkot apa pulang pergi? ,gais kalau dari upi ke unisba pake angkot apa pulang pergi,0
Mau yang apa? Sunday atau apa? Terus rasa slainya apa?,mau yang apa sunday atau apa terus rasa slainya apa,0
Ini Rekeningnya. bank MANDIRI. a/n: ALI SYAMSUDIN. rek: 136-001-198-6939,ini rekeningnya bank mandiri a n ali syamsudin rekening 136 001 198 6939,1
Uangnya dikirim saja ke Rek. BANK BNI A/n. : Sdr ABDUL RAHMAN No. Rek. : 024-8721- 191 SMS saja kalau sudah dikirim. terima kasih,uangnya dikirim saja ke rekening bank bni a n sdr abdul rahman no rekening 024 8721 191 sms saja kalau sudah dikirim terima kasih,1
Pelanggan Yth Slmt kartu GSM Anda men-dpt TABUNGAN HAJI Rp100jt dari Kopi jahe HUT ke 61 no PIN 25efg477r U/info sgr Hub : 082374432257 pelaksana PT. SIDOMUNCUL,pelanggan yang terhormat selamat kartu gsm anda men dapat tabungan haji rp100jt dari kopi jahe hut ke 61 no pin 25efg477r untuk informasi sgr hubungi 082374432257 pelaksana pt sidomuncul,1
"Yg butuh kosan perbulan bisa langsung ditempatin. Lokasi di gang samping gokana setiabudi, khusus cewe jam bebas, bersih, fasilitas kasur sama lemari kunci pegang masing2. Harga 725/bulan. Bisa hub ####  id line: titaniadbl",yang butuh kosan perbulan bisa langsung ditempatin lokasi di gang samping gokana setiabudi khusus cewe jam bebas bersih fasilitas kasur sama lemari kunci pegang masing2 harga 725 bulan bisa hubungi id line titaniadbl,0
"Selamat Paket Flash 10 MB (1 hari) Rp.2500 telah diaktifkan, berlaku s/d tgl 07/08/2016 pk. 23:59 WIB. Paket langsung diperpanjang pada akhir masa aktif paket dengan tarif sesuai lokasi Anda. Cek status/berhenti berlangganan melalui *363#. Info detail tarif lihat di Tsel.me/internet",selamat paket flash 10 mb 1 hari rupiah 2500 telah diaktifkan berlaku s d tgl 07 08 2016 pk 23 59 wib paket langsung diperpanjang pada akhir masa aktif paket dengan tarif sesuai lokasi anda cek status berhenti berlangganan melalui 363 informasi detail tarif lihat di tsel me internet,1
Mau nonton bioskop gratis bersama keluarga? Cigna berikan khusus untuk Anda. Tunggu telepon dari kami. Info Cigna Klik bit.ly/tentangCIGNA,mau nonton bioskop gratis bersama keluarga cigna berikan khusus untuk anda tunggu telepon dari kami informasi cigna klik bit ly tentangcigna,1
cuma Rp 7500 dapat nelpon dan SMS UNLIMITED ke sesama Indosat Ooredoo   internetan sepuasnya 3 hari dengan paket Ramadhan Unlimited. ketik *123*88#,cuma rupiah 7500 dapat nelpon dan sms unlimited ke sesama indosat ooredoo internetan sepuasnya 3 hari dengan paket ramadhan unlimited ketik 123 88,1
"PROMO LEBARAN.Paket Service Motor+Olie HANYA 35rb(harga biasa Rp42rb)ada di Genuine Oil+GOP SHOP,Info 088980007432berlaku 15jui-15aug2013.www.genuineoil.co.id",promo lebaran paket service motor olie hanya 35rb harga biasa rp42rb ada di genuine oil gop shop informasi 08898007432berlaku 15jui 15aug2013 link,1
"Eh gatau, td Bagus yang nanyain",eh gatau tadi bagus yang nanyain,0
Surat keputusan dari Tri Care INDONESIA No.XV/2016 Pin_Pemenang ANDA:67ytg44 mendapatkan HADIAH CEK TUNAI Rp.45juta U/INFO klik: www.info-undian3.webnode.com,surat keputusan dari tri care indonesia no xv 2016 pin pemenang anda 67ytg44 mendapatkan hadiah cek tunai rupiah 45juta untuk informasi klik link,1
"selisihnya brp? sesuai janji saya sbelumhya, bagi yg nilainya diperbatasan saya akan cek kehadiran. Tapi kalau jauh ya  gak bisa :)  nanti gak ada habisnya turun terus.",selisihnya brp sesuai janji saya sbelumhya bagi yang nilainya diperbatasan saya akan cek kehadiran tapi kalau jauh ya tidak bisa nanti tidak ada habisnya turun terus,0
Soalnya yang aku udah ditambahin,soalnya yang saya sudah ditambahin,0
Dapatkan Disc.30% utk Dominos PAN PIZZA!Roti yg lebih tebal dgn keju terasa sampai pinggir!Mulai Rp45500.Kunjungi toko terdekat/telf 1500366/Klik panpizza.co.id,dapatkan disc 30 untuk dominos pan pizza roti yang lebih tebal dengan keju terasa sampai pinggir mulai rp45500 kunjungi toko terdekat telf 1500366 klik panpizza co id,1
"Mah,esian plz kna no 085741670427 nu 20 rbu ayena",mah esian plz kna no 085741670427 nu 20 rbu ayena,1
.sambl nunggu itu.. Gimana kalo ngerjain form formnya aja dulu,sambl nunggu itu gimana kalau ngerjain form formnya saja dulu,0
"Trima ksh telah mjd pelanggan kami ""CNF AQUA"" gnkan no 085729791456 untuk pemesanan air isi ulang dan AGUA ASLI n sed!a jga gas 3kg dan 12kg tlng sebarkan sms ini ke tmn2 kost n kampus jga ya jgn berhenti di km terima kas!h(nb:tlng save no pemesanan aqua b!la suatu saat membutuhkan mksh).GRATIS ANTAR",trima ksh telah mjd pelanggan kami cnf aqua gnkan no 085729791456 untuk pemesanan air isi ulang dan agua asli n sed a jga gas 3kg dan 12kg tlng sebarkan sms ini ke tmn2 kost n kampus jga ya jangan berhenti di kamu terima kas h nb tlng save no pemesanan aqua b la suatu saat membutuhkan mksh gratis antar,1
"nama1 aku lg ngerjain tes ngoding di upi net, kalo mo pake motornya boleh, tp motornya jauh bgt",nama1 saya lagi ngerjain tes ngoding di upi net kalau mo pake motornya boleh tp motornya jauh banget,0
"Iya  nama1, terakhir di lab jarkom. Pas copy sql SIGIndo tea.. ",iya nama1 terakhir di lab jarkom pas copy sql sigindo tea,0
"PT. Pertamina persero menerima karyawan(i) Lulusan SMK, D1,D2,D3,S1&S2 kirim lamaran,CV,Ijazah,photo4x6 & notip ke email: pertaminareckrutment@ymail.com",pt pertamina persero menerima karyawan i lulusan smk d1 d2 d3 s1 s2 kirim lamaran cv ijazah photo4x6 notip ke email pertaminareckrutment user com,1
"Kapan lg beli paket Flash mulai 1,3GB di MyTelkomsel dpt Extra PULSA Rp 50rb? Utk pembelian pertama sjk 25Aug - 25Sept. Cek detail paket di tsel.me/mytsel1",kapan lagi beli paket flash mulai 1 3gb di mytelkomsel dapat extra pulsa rupiah 50rb untuk pembelian pertama sjk 25aug 25sept cek detail paket di tsel me mytsel1,1
Yuk dengerin secara langsung update keseharian Seleb dr Blog Suaranya! Tlp *5094* GRATIS 3hr lalu Rp2500/mgg.CS:838. VAS280,yuk dengerin secara langsung update keseharian seleb dari blog suaranya telepon 5094 gratis 3hr lalu rp2500 mgg cs 838 vas280,1
AYO download AXISnet dari PLAY/Apple Store dan aktifkan BRONET24Jam 5GB 60hr Rp44900 dan BRONET24Jam 3GB 60hr dapat OBOR 10GB (00-06) Rp39800. Info838. LD307,ayo download axisnet dari play apple store dan aktifkan bronet24jam 5gb 60hr rp44900 dan bronet24jam 3gb 60hr dapat obor 10gb 00 06 rp39800 info838 ld307,1
"Toko bagus phone promo diskon 50% blackberry:Dakota Rp.2,8jt torchRp 2jt Gemini 900rb info/sms/pin 282F4C55 085776973349 WWW.TOKOBAGUSPHONE.COM",toko bagus phone promo diskon 50 blackberry dakota rupiah 2 8jt torchrp 2jt gemini 900rb informasi sms pin 282f4c55 085776973349 link,1
"toko bursa cuci gudang diskon 60% BB DAKOTA ; 2,3 JT, TOCH ; 1,6 JT, GEMINI ; 1 JT, LAPTOP INFO : 085322222369 PIN BB : 2A6FB800E www.shopinbursabb.blogspot.com",toko bursa cuci gudang diskon 60 bb dakota 2 3 juta toch 1 6 juta gemini 1 juta laptop informasi 085322369 pin bb 2a6fb800e link,1
"Ibunya lagi bobok, aku mau nanya ttg daging, kalo ada daging mau di presto dulu juga",ibunya lagi bobok saya mau nanya ttg daging kalau ada daging mau di presto dulu juga,0
JANGAN LUPA kirim 50 SMS sd 16 Juni 2013 utk mendptkan Gratis 50 SMS ke sesame Indosat selama 2 hr (berlaku 1x selama periode prog). Info:100. US6,jangan lupa kirim 50 sms sd 16 juni 2013 untuk mendapatkan gratis 50 sms ke sesame indosat selama 2 hr berlaku 1x selama periode prog informasi 100 us6,1
Januari pokoknya mau sama sapapun kemanapun harus liburan fix aamiin,januari pokoknya mau sama sapapun kemanapun harus liburan fix aamiin,0
"Segera dapatkan E-TIKET pswt hrga PROMO penerbangan Domestik & Internasional Reservasi tiket, mudah & Praktis, hub : 02136146799, 085312792222 www.Asia-travel.com",segera dapatkan e tiket pswt hrga promo penerbangan domestik internasional reservasi tiket mudah praktis hubungi 02136146799 0853127922 link,1
"Soalnya aku pernah ujug2 dtng, terus bapak nya bilang kalau mau bimbingan bls wa ya, biar saya bisa estimasi waktu, gitu",soalnya saya pernah ujug2 dtng terus bapak nya bilang kalau mau bimbingan bls wa ya biar saya bisa estimasi waktu gitu,0
nama1 helmkuuuu.:'(,nama1 helmkuu,0
Besok saya ada rapat dinas.. Selasa aja ya...,besok saya ada rapat dinas selasa saja ya,0
"Paket BRONET 2GB 60hr 24jam sudah aktif. Nikmati internet 2GB berlaku hingga jam 23.59 aktif s.d 27-10-2016. Promo AXIS lainnya, telp *123#. Info838",paket bronet 2gb 60hr 24jam sudah aktif nikmati internet 2gb berlaku hingga jam 23 59 aktif s d 27 10 2016 promo axis lainnya telepon 123 info838,1
"Maaf tolong uangnya ditransfer saja ke Bank xxx An. xxx No.Rek 2952149xxx, bila sudah ditransfer SMS saja, terima kasih",maaf tolong uangnya ditransfer saja ke bank xx an xx no rekening 2952149xx bila sudah ditransfer sms saja terima kasih,1
Jika anda butuh ANGKA jitu GAIB 2D_3D_4D_SGP Yang dijamin 99% tembus. Silahkan SMS 085337807887 MASTERTOGEL,jika anda butuh angka jitu gaib 2d 3d 4d sgp yang dijamin 99 tembus silahkan sms 085337807887 mastertogel,1
"Pas dia ngomong gtu km langsung diem ya nuy, kikuk gtu pasti diomongin kek gtu",pas dia ngomong gtu kamu langsung diem ya nuy kikuk gtu pasti diomongin kek gtu,0
"Tiga kali juga dil, april, juli, sama okt",tiga kali juga dil april juli sama okt,0
Buruan Download & Registrasi myCare di http://bit.ly/mycarepLy dan dapatkan Promo 10GB (4G) di Paket Freedoom M & L dengan harga khusus HANYA HARI INI.,buruan download registrasi mycare di link dan dapatkan promo 10gb 4g di paket freedoom m l dengan harga khusus hanya hari ini,1
"Butuh Piknik?Ada nih liburan GRATIS ke Hongkong!Cara:Pake pulsa AXIS di HP Androidmu buat transaksi sebanyak2nya items Pokemon Go,BIGO,COC, dll!Info838 LD328",butuh piknik ada ini liburan gratis ke hongkong cara pake pulsa axis di handphone androidmu untuk transaksi sebanyak2nya items pokemon go bigo coc dll info838 ld328,1
"Selamat siang, mau reservasi bandros perorangan apakah bisa?",selamat siang mau reservasi bandros perorangan apakah bisa,0
Temen * yg lain bisa juga ya di undang ke grup ini,temen yang lain bisa juga ya di undang ke grup ini,0
Nanti aku push aja ya kuota modem lg hbs,nanti saya push saja ya kuota modem lagi hbs,0
"Aku ga enak euy bilang ke adiknya, adiknya pengen ke pvj nama1  :(",saya tidak enak euy bilang ke adiknya adiknya pengen ke pvj nama1,0
Maaf Anda tidak bisa mengaktifkan paket FLASH ini karena nomor anda tidak terdaftar,maaf anda tidak bisa mengaktifkan paket flash ini karena nomor anda tidak terdaftar,0
"RAWIT Kuotanya Bagus, Harganya Khusus. AYO isi ulang kartu AXIS kamu sekarang, pastikan besok ikut promo Rabu RAWIT. Info838. LD299",rawit kuotanya bagus harganya khusus ayo isi ulang kartu axis kamu sekarang pastikan besok ikut promo rabu rawit info838 ld299,1
Itu namanya ap nur? Tokopedi bukalapak lumayan laa complete walopun kw sejenis,itu namanya ap nur tokopedi bukalapak lumayan laa complete walopun kw sejenis,0
Slmt!!No anda Mendpt hadiah Rp.75jt.dari TELKOMSELpoin Diundi tadi mlm Pukul.23:30.wib Di RCTI.info Hub: 085217777509 Drs.H.SRIANTO Pengirim: +777,selamat no anda mendpt hadiah rupiah 75jt dari telkomselpoin diundi tadi mlm pukul 23 30 wib di rcti informasi hubungi 0852177509 drs h srianto pengirim 77,1
"PESAN RESMI DARI PT3CARE berkat isi ulang pulsa No. anda RESMI mendapatkan hadiah.Rp. 100 juta dari 3CARE dengan PIN. pemenang anda (b8337h9) u/info klik, www.hadiahlpt3care959.blogspot.com",pesan resmi dari pt3care berkat isi ulang pulsa no anda resmi mendapatkan hadiah rupiah 100 juta dari 3care dengan pin pemenang anda b8337h9 untuk informasi klik link,1
Mau Nissan Juke?Ayo beli POPMIE skrg dan kirim kodenya di *200*200*Kodeuniq# siapa tahu kamu pemenangnya.Hati2 penipuan CS:02171790989 klik http://goo.gl/dm7PK,mau nissan juke ayo beli popmie sekarang dan kirim kodenya di 200 200 kodeuniq siapa tahu kamu pemenangnya hati2 penipuan cs 02171790989 klik link,1
"saya td pagi juga dapat sms. PT.TRI.3SimCard anda Resmi M-dptkan Hadiah HONDA JAZZ Rs. Kode Pin:477BFG7S, Info Hub:089606490199 KLIK:www.pusat-tri.blogspot.com",saya tadi pagi juga dapat sms pt tri 3simcard anda resmi m dptkan hadiah honda jazz rs kode pin 477bfg7s informasi hubungi 089606490199 klik link,1
Isi ulang Pulsa Rp.5000 Regular oleh PUTERA SUKSES pada 11/02 19:57.Ref:78330280.GRATIS PULSA sd 250rb hg 7Hr 7Mlm.Ktk:GRATIS krm ke 123,isi ulang pulsa rupiah 500 regular oleh putera sukses pada 11 02 19 57 ref 78330280 gratis pulsa sd 250rb hg 7hr 7mlm ktk gratis krm ke 123,1
Slmt!! No anda Mendpt hadiah Rp. 75 juta. dari TELKOMSEL poin. Diundi tadi mlm Pukul 23:30.wib Di RCTI.Info Hub : 085377177138.IR. SERIANTO. Pengirim : *777,selamat no anda mendpt hadiah rupiah 75 juta dari telkomsel poin diundi tadi mlm pukul 23 30 wib di rcti informasi hubungi 085377177138 ir serianto pengirim 77,1
Boleh nitip coklat ke alhuda?,boleh nitip coklat ke alhuda,0
"Eh di kosan nama1 maksudnya, buat temen nama1 , buat september",eh di kosan nama1 maksudnya untuk temen nama1 untuk september,0
Nasabah yth.rekning tbungn anda ERROR&hrus di monitor ulang agar bisa di gunakn kmbli.maaf sblum ke kntor hrap hub pk ARYADHI dlu di.0816288602.tks,nasabah yang terhormat rekning tbungn anda error hrus di monitor ulang agar bisa di gunakn kmbli maaf sblum ke kntor hrap hubungi pk aryadhi dlu di 0816288602 tks,1
"ya nggk jd masalh, toh model bisa diload dicontroler mana aja kan?",ya nggk jd masalh toh model bisa diload dicontroler mana saja kan,0
Jumlah poin Anda s.d tgl 16/08/16 : 18 poin. Anda termasuk dalam kategori RED. Masa berlaku poin s.d 31 Des 2016,jumlah poin anda s d tgl 16 08 16 18 poin anda termasuk dalam kategori red masa berlaku poin s d 31 des 2016,0
Kalau pertable emg lbh rapih laporan sih mad cuman bingung kalau pertable kdgkan ada yg dipake didr bbrp table gmn tuh mad?,kalau pertable emg lbh rapih laporan sih mad cuman bingung kalau pertable kdgkan ada yang dipake didr bbrp table gmn tuh mad,0
Aku bawa daging yg dah direbus gapapa? Yg mentah tinggal tulang2an wkwk,saya bawa daging yang dah direbus gapapa yang mentah tinggal tulang2an tertawa,0
Ini rekeningnya mandiri : 900-00-1037951-0 a.n reza prasetya,ini rekeningnya mandiri 900 00 1037951 0 a n reza prasetya,1
"Tp aku gak tertarik gt sih diperusahaan itu, org it nya baru satu ",tp saya tidak tertarik gt sih diperusahaan itu org it nya baru satu,0
Dapatkan e-Tiket Murah & Promo Untuk Penerbangan Domestic & International BOOKING ONLINE Info Hub: 085216181177 www.surya-travel.jimdo.com,dapatkan e tiket murah promo untuk penerbangan domestic international booking online informasi hubungi 085216181177 link,1
"Aku mah sering ditinggal jualan, jd mau marah juga ntar alesannya ""duit kan buat km juga"", diem lgsg haha",saya mah sering ditinggal jualan jd mau marah juga nanti alesannya duit kan untuk kamu juga diem lgsg tertawa,0
Pesan resmi dari 3care Bahwa saya mendapatkan undian ketiga uang tunai 100juta.www.tri-indonesia2016.blogspot.com,pesan resmi dari 3care bahwa saya mendapatkan undian ketiga uang tunai 100juta link,1
Kalau 13.5 itu untuk ayam kremes dan cabai ijo teh...kalau untuk bakar dan rica rica kita kasih 15rb deh   ...sudah pakai box dan air gelas,kalau 13 5 itu untuk ayam kremes dan cabai ijo teh kalau untuk bakar dan rica rica kita kasih 15rb deh sudah pakai box dan air gelas,0
"Selamat anda telah terdaftar member M-PULSA dengan kode agen D303-111 Pin anda 1234 Saldo anda Rp,0.- untuk menambah saldo Ketik INFO Kirim ke +6287820008358",selamat anda telah terdaftar member m pulsa dengan kode agen d303 11 pin anda 1234 saldo anda rupiah 0 untuk menambah saldo ketik informasi kirim ke 628782008358,1
"soal ada multiple choice ada essay. Yg weka masuk ke essay, tapi ada juga file yang dikumpulkan.",soal ada multiple choice ada essay yang weka masuk ke essay tapi ada juga file yang dikumpulkan,0
Selamat Anda mendapatkan voucher Zalora Rp100rb. Masukkan kode voucher TSU59 saat transaksi di www.zalora.co.id/simPATI. Mau voucher lain? Hub *999*1#,selamat anda mendapatkan voucher zalora rp100rb masukkan kode voucher tsu59 saat transaksi di link mau voucher lain hubungi 99 1,1
"Plgn yth,TRI dan MNCTV sudah mengumumkan nomor Anda pd tgl 5 Agustus 2015 Tapi tdk dpt trsmbung jadi saya DESY HERMAWATI dr PT.HUTCHISON TRI di PLAZA SEMANGGI lt 1 jl.jend Sudirman kav 50 jkt pst kirim SMS sblum jtuh tempo bhwa NO simcard anda menang undian PESTA POIN TRI hadiah ke2 TOYOTA ALL NEW YARIS pin Anda .2d7id99 klik situs resmi di,www.my-tri2015.jimdo.com",plgn yang terhormat tri dan mnctv sudah mengumumkan nomor anda pd tgl 5 agustus 2015 tapi tidak dapat trsmbung jadi saya desy hermawati dari pt hutchison tri di plaza semanggi lt 1 jl jend sudirman kav 50 jkt pst kirim sms sblum jtuh tempo bhwa no simcard anda menang undian pesta poin tri hadiah ke2 toyota all new yaris pin anda 2d7id99 klik situs resmi di link,1
Ayo dukung pelestarian alam Indonesia bersama Indosat Ooredoo dan WWF-Indonesia dg berdonasi melalui *123*50# dari nomor Indosat Ooredoo.,ayo dukung pelestarian alam indonesia bersama indosat ooredoo dan wwf indonesia dg berdonasi melalui 123 50 dari nomor indosat ooredoo,1
Terimakasih. Paket 60 mb Anda telah aktif. Cek bonus *889#. Katalog Poin lengkap tsel.me/telkomselpoin. S&K berlaku,terimakasih paket 60 mb anda telah aktif cek bonus 889 katalog poin lengkap tsel me telkomselpoin s k berlaku,0
nama1 itu msh pake db aku yg lama itu msh anomali bisa nyesuain ga,nama1 itu msh pake db saya yang lama itu msh anomali bisa nyesuain tidak,0
INFO RESMI kepada bpk/ibu yang terhormat SELAMAT No ANDA Pemenang ke 2dari pesta isi ulang 3care No PIN:25e477r di undi tadi malam pkl 22:30 di SCTV U/info hadiah anda klik Www.3care16.blogspot.com,informasi resmi kepada bpk ibu yang terhormat selamat no anda pemenang ke 2dari pesta isi ulang 3care no pin 25e477r di undi tadi malam pkl 22 30 di sctv untuk informasi hadiah anda klik link,1
"Pelanggan yth,saya mba muliani operator Tri. Telah menghubungi anda tapi tidak tersambung jadi informasi ini saya sampaikan lewat SMS sebelum hadiahnya jatuh tempo. Selamat nomor Tri anda menang undian dr pesta isi ulang pulsa,Pin pemenang (25b17h) segera hubungi kantor Tri jakarta. Tlp; 089660608887 info klik: www.3tricard.blogspot.com",pelanggan yang terhormat saya mba muliani operator tri telah menghubungi anda tapi tidak tersambung jadi informasi ini saya sampaikan lewat sms sebelum hadiahnya jatuh tempo selamat nomor tri anda menang undian dari pesta isi ulang pulsa pin pemenang 25b17h segera hubungi kantor tri jakarta telepon 08966060887 informasi klik link,1
Kami sdh mnghubungi tdk trsambung SIM CARD anda mendapatkan hadiah ketiga dri PT.AXIS pin [02399877] Klik  www.hadiah-ptaxis.blogspot.co.id,kami sudah mnghubungi tidak trsambung sim card anda mendapatkan hadiah ketiga dari pt axis pin 02399877 klik link,1
Kamu yah yang ngajakin mereka.,kamu yah yang ngajakin mereka,0
Pelanggan Yth SimCARD Anda M-dptkan Cek Tuanai Rp:27jt Dari PT.TRICARE INDONESIA Pin Anda HDR7JN7 U/Cek Pin Kunjungi www.programundiantricare-2015.blogspot.co.id,pelanggan yang terhormat simcard anda m dptkan cek tuanai rupiah 27jt dari pt tricare indonesia pin anda hdr7jn7 untuk cek pin kunjungi link,1
"Krim ke BNI aja a/n Ayu Suryani no rek 0215891174, klo sudah dikirim kabarin ya!",krim ke bni saja a n ayu suryani no rekening 0215891174 klo sudah dikirim kabarin ya,1
"Jangan dikejar diskon berlari, beli RAWIT diskon datang sendiri.AYO isi ulang kartu AXIS kamu sekarang,dan pastikan besok ikutan promo Rabu RAWIT.Info838.LD279",jangan dikejar diskon berlari beli rawit diskon datang sendiri ayo isi ulang kartu axis kamu sekarang dan pastikan besok ikutan promo rabu rawit info838 ld279,1
"Maaf…! saya bu RATNA meganai RUMAH saya Sudah liat, soalnya saya lagi di bandara silahkan hubungi suami saya H. ARIF ISKANDAR,SE hp:081218844557 trims.",maaf saya bu ratna meganai rumah saya sudah liat soalnya saya lagi di bandara silahkan hubungi suami saya h arif iskandar se handphone 081218844557 trims,1
"Iya, semua kamera kecuali kamera lia aku taro di situ semua",iya semua kamera kecuali kamera lia saya taro di situ semua,0
"PROMO: Beli paket Flash mulai 3,5GB di My Telkomsel App dpt extra paket 1GB midnight (00-09). Buruan, promo terbatas! S&K",promo beli paket flash mulai 3 5gb di my telkomsel app dapat extra paket 1gb midnight 00 09 buruan promo terbatas s k,1
"HARI INI Freedom Combo XL Rp89rb (normal Rp149rb). DOUBLE kuota 5GB+5GB(4G)+ PROMO 10GB(4G), UNLIMITED nelp & SMS ke Indosat Ooredoo. Ketik FREEDOM XL ke 363",hari ini freedom combo xl rp89rb normal rp149rb double kuota 5gb 5gb 4g promo 10gb 4g unlimited nelp sms ke indosat ooredoo ketik freedom xl ke 363,1
kalo aku ngasihinnya habis ashar aja gpp ?,kalau saya ngasihinnya habis ashar saja tidak apa apa,0
"Ada yg nikah muda, ada yg gagal nikah, ada yg pacaran lama eh putus tapi alesannya karna terlalu sayang jd gak mau nyakitin (pret), ada yg jagain jodoh org, ada yg ah banyak lah wkwk",ada yang nikah muda ada yang gagal nikah ada yang pacaran lama eh putus tapi alesannya karena terlalu sayang jd tidak mau nyakitin pret ada yang jagain jodoh org ada yang ah banyak lah tertawa,0
Buktikan hematnya pakai argo tetap di Bandung dengan GrabCar hingga 20%. Hayu ajakan rerencangan sareng buktikeun nyalira!,buktikan hematnya pakai argo tetap di bandung dengan grabcar hingga 20 hayu ajakan rerencangan sareng buktikeun nyalira,1
"I’m spreading the GO-JEK love. Download the GO-JEK app at “http://go-jek.com/app” and input this referral code “545075264” to get Rp 50,000 free credit to your first booking. #gojekgotmehere",i m spreading the go jek love download the go jek app at link and input this referral code 545075264 to get rupiah 50 00 free credit to your first booking gojekgotmehere,1
Mgkin periksa nama id di view jg sep,mgkin periksa nama id di view juga sep,0
Biasanya mah stasiun teh sebelum lewatin rel nama1,biasanya mah stasiun teh sebelum lewatin rel nama1,0
"PESAN RESMI dri TRI 3Care, Slmt Anda mdpt Hadiah 1 Unit Mobil HONDA JAZZ RS. No.PIN Pemenang Anda: 47BL759. Utk Info Kunjungi: www.layanantricare-2016.jimdo.com ",pesan resmi dari tri 3care selamat anda mdpt hadiah 1 unit mobil honda jazz rs no pin pemenang anda 47bl759 untuk informasi kunjungi link,1
"Selamat!! anda Mendpt hadiah Rp. 75 juta. Dari TELKOMSEL point ""Edisi september"" Hub kntr pusat",selamat anda mendpt hadiah rupiah 75 juta dari telkomsel point edisi september hubungi kntr pusat,1
Blm mad ntr sore td udh ktmu,belum mad nanti sore tadi sudah ktmu,0
Selamat KPD pemilik NO simCARD 085643XXXXXX mendapatkan . UANG TUNAI Rp 49jt dari PT.INDOSAT pin:RWD2749 www.indosat-poin-2013.jimdo.com atau HUB 085693577707 !spam!,selamat kpd pemilik no simcard 085643xx mendapatkan uang tunai rupiah 49jt dari pt indosat pin rwd2749 link atau hubungi 08569357707 spam,1
Pak mau pesen nasi goreng spesial 2 bungkus ke Graha desilla kmr 14.,pak mau pesen nasi goreng spesial 2 bungkus ke graha desilla kmr 14,0
Aamiin. Makasih semuanya..semoga teman2 cepat nyusul dan semoga segala urusannya diberikan kelancaran oleh Allah.aamiin,aamiin makasih semuanya semoga teman2 cepat nyusul dan semoga segala urusannya diberikan kelancaran oleh allah aamiin,0
Pelanggan Yth. SIMCARD Anda sbg Pemenang Mendptkan Hadiah Mobil Toyota ALL NEW YARIS PIN:8JF2177 dari GEBYAR UNDIAN 3 CARE Untuk Info Lenkap Klik: www.infohadiah3care2016.blogspot.co.id,pelanggan yang terhormat simcard anda sbg pemenang mendapatkan hadiah mobil toyota all new yaris pin 8jf2177 dari gebyar undian 3 care untuk informasi lenkap klik link,1
PT.BNI (persero) Tbk. Rekening Anda Terpilih dapat Rp.27jt Dari Rejeki Bni Taplus. Kode Cek 02599875 Silahkan Klik  www.bnitaplus46.tk,pt bni persero tbk rekening anda terpilih dapat rupiah 27jt dari rejeki bni taplus kode cek 02599875 silahkan klik link,1
"Pinjaman s/d 1 miliard jaminan bpkb mobil/truck min th 1998. Bunga 0,8%. Syarat mudah. Proses1hari  PT. Bunas Finance Tbk (cover all wilayah) ANDI 081330134449",pinjaman s d 1 miliard jaminan bpkb mobil truck min th 1998 bunga 0 8 syarat mudah proses1hari pt bunas finance tbk cover all wilayah andi 08133013449,1
"Segan baa lo ko wqwq hai di, gila kurus banget skrg diii",segan baa lo ko wqwq hai di gila kurus banget sekarang dii,0
Oiya ya nama1  ih knapa bsa begitu?sayang bgt tabungannya :(,oiya ya nama1 ih knapa bsa begitu sayang banget tabungannya,0
"Nikmati diskon 25% tarif SLI 008 ke SEMUA NEGARA mulai pukul 00.00 sd 06.00 WIB, sd 31Agustus 13. Info lengkap ketik *122*5*4# atau www.indosat.com/iddpromo",nikmati diskon 25 tarif sli 008 ke semua negara mulai pukul 00 00 sd 06 00 wib sd 31agustus 13 informasi lengkap ketik 122 5 4 atau link,1
"SMLT_Anda m-ndpt Hadiah TOYOTA ALL New AVANZA, dr TELKOMSELpoin, Pin pemenang anda b89c7h9. U/INFO Lebih lengkap kunjungi: http;//gebyartelkomsel.juplo.com",smlt anda m ndpt hadiah toyota all new avanza dari telkomselpoin pin pemenang anda b89c7h9 untuk informasi lebih lengkap kunjungi http gebyartelkomsel juplo com,1
"Tambahan THR dr MatahariMall. Kode THR6 utk Diskon 6% Elektronik, kode THR15 utk Diskon 15% Lifestyle, kode THR25 utk Diskon 25% Fashion. http://mthr.ml/TSELTHR",tambahan thr dari mataharimall kode thr6 untuk diskon 6 elektronik kode thr15 untuk diskon 15 lifestyle kode thr25 untuk diskon 25 fashion link,1
"Mau internetan kuota BESAR dan harga MURAH? Buruan cek di *345#, penawaran ini khusus nomor kamu & cuma berlaku sebelum 16 Juli 2016",mau internetan kuota besar dan harga murah buruan cek di 345 penawaran ini khusus nomor kamu cuma berlaku sebelum 16 juli 2016,1
nama1;Graha Desila kmr 14 Lt.2;Aqua;20000(kembalian),nama1 graha desila kmr 14 lt 2 aqua 200 kembalian,0
Tingkatkan nilai isi ulang Anda selanjutnya minimal Rp10ribu untuk bisa mendapatkan Paket MURAH PAS di *100*999#. Info 188.,tingkatkan nilai isi ulang anda selanjutnya minimal rp10ribu untuk bisa mendapatkan paket murah pas di 100 99 informasi 188,1
"Jajaran kantin 79 kesana deket2 pengkolan pokoknya kang, ada tulisanya da",jajaran kantin 79 kesana deket2 pengkolan pokoknya kang ada tulisanya da,0
"Boleh bu, kalau ada yang bakal pindah bulan itu. Kalau tidak keberatan bisa kabarin Bu. Terima kasih.",boleh bu kalau ada yang bakal pindah bulan itu kalau tidak keberatan bisa kabarin bu terima kasih,0
Dapatkan E-TICKET Promo untuk penerbangan DOMESTIK & INTERNASIONAL melalui Via Online mudah & aman. Hub ; 085285485509 klick. www.mhegatravel.com,dapatkan e ticket promo untuk penerbangan domestik internasional melalui via online mudah aman hubungi 085285485509 klick link,1
Lagian pasti ga boleh gera sma si kaka tp kalo dianterin aku ga enak,lagian pasti tidak boleh gera sma si kaka tp kalau dianterin saya tidak enak,0
"Hallo urang minang, ado sticker rancak di Group Line Urang Kampuang MINANG GUY, beli pake pulsa Telkomsel",hallo urang minang ado sticker rancak di group line urang kampuang minang guy beli pake pulsa telkomsel,1
Selamat! Anda sudah mengaktifkan INSTINK utk dpt info menarik dari Telkomsel. Info berhenti program:*600*600#. CS:133/188,selamat anda sudah mengaktifkan instink untuk dapat informasi menarik dari telkomsel informasi berhenti program 600 600 cs 133 188,1
Download dan rasakan serunya game-game premium pilihan hanya di *900#,download dan rasakan serunya game game premium pilihan hanya di 900,1
"TOGEL SGP EDISI SENIN 10/06/2013 ANGKA JITU 40,76,65,53,89 di jamin tbs,stlh tbs anda harus krim plsa 100rb sebagai maharnya dkrm ke no; 082329969711 KI KARSO",togel sgp edisi senin 10 06 2013 angka jitu 40 76 65 53 89 di jamin tbs stlh tbs anda harus krim plsa 100rb sebagai maharnya dkrm ke no 082329969711 ki karso,1
PESTA M-TRONIK!! Anda sebagai pelanggan Setia M-Tronik terpilih Pemenang HADIAH ke(3) PIN pemenang:2AIU87E U/info klik www.info-undianmtronik.jimdo.com,pesta m tronik anda sebagai pelanggan setia m tronik terpilih pemenang hadiah ke 3 pin pemenang 2aiu87e untuk informasi klik link,1
Surat Keputusan dari Tri Care Indonesia No.XV/2015 Pin_Pemenang ANDA : 67ytg44 mendapatkan hadiah cek tunai Rp 45 jt. U/INFO kunjungi: www.id.tri.webnode.com.,surat keputusan dari tri care indonesia no xv 2015 pin pemenang anda 67ytg44 mendapatkan hadiah cek tunai rupiah 45 juta untuk informasi kunjungi link,1
"Tadi udah bertemu beliau pa. Kata beliau, pengujiannya bisanga besok pa.",tadi sudah bertemu beliau pa kata beliau pengujiannya bisanga besok pa,0
Aigoo banyak banget chatnyaa aku baru liat hape hehehe,aigoo banyak banget chatnyaa saya baru liat hape hehehe,0
"TOKO JAYA BB,,, discount 50% berbagai type BLACKBERRY Gemini 900 ribu, Torch 2,5 jt, Dakota 2,8 jta NOKIA& SAMSUNG, Info klik www.jayabb.com",toko jaya bb discount 50 berbagai type blackberry gemini 900 ribu torch 2 5 juta dakota 2 8 jta nokia samsung informasi klik link,1
Biar rapih aj mad. Ini controllernya msh digabung2 aku bikinnya perfungsi soalnya,biar rapih aj mad ini controllernya msh digabung2 saya bikinnya perfungsi soalnya,0
"Btw magicomnya yg sedang Gais, gaada yg gede",btw magicomnya yang sedang gais gaada yang gede,0
"Yuk Ikuti akun dakwah, caranya: ketik IKUT [spasi] AkuCintaIslam kirim ke 082110001021.",yuk ikuti akun dakwah caranya ketik ikut spasi akucintaislam kirim ke 08211001021,1
"YTH,MIitra Silahkan cek poin anda dan tukarkan ke admin kami dengan format PO.PIN kirim ke +62xxxxxxxxxx",yang terhormat miitra silahkan cek poin anda dan tukarkan ke administrasi kami dengan format po pin kirim ke 62xx,1
Oh oke de. kalau selanjutnya isi deposit transfer kmn?,oh oke de kalau selanjutnya isi deposit transfer kmn,0
Rp30rb/bln utk 3 bln (hrg normal Rp59rb utk bln ke-4 dst) bisa NELPON & SMS SEPUASNYA ke IM3 plus kuota 3GB+10GB (4G).  Mau? Ketik YA ke 919 sd 05-Aug-16,rp30rb bln untuk 3 bln hrg normal rp59rb untuk bln ke 4 dst bisa nelpon sms sepuasnya ke im3 plus kuota 3gb 10gb 4g mau ketik ya ke 919 sd 05 aug 16,1
"Kesempatan jadi AGEN PULSA MKIOS ALL Operator harga V5=4500, V10=8500, V20=18rb, V25=23rb, V50=45rb, V100=90rb Cara Ketik Daftar kirim ke 087888366677",kesempatan jadi agen pulsa mkios all operator harga v5 4500 v10 8500 v20 18rb v25 23rb v50 45rb v100 90rb cara ketik daftar kirim ke 0878836677,1
"Kirim ke MANDIRI aja, a/n ARYA. rek: 131-000-7252-937. klo sudah kabarin ya!",kirim ke mandiri saja a n arya rekening 131 00 7252 937 klo sudah kabarin ya,1
Oke deh aku jg emang pengen ngumpul sih kapan lg :(,oke deh saya juga emang pengen ngumpul sih kapan lagi,0
"Selain dicetak, rundown jg dkrm ke email di nama1 nuhun. Dtgu d prodi sampai 4.30. Dipercepat 30 menit.",selain dicetak rundown juga dkrm ke email di nama1 nuhun dtgu d prodi sampai 4 30 dipercepat 30 menit,0
Pelanggan YTH. SIMCARD Anda sbg Pemenang Mendptkan HADIAH Mobil Toyota ALL NEW YARIS PIN:8JF2177 dari GEBYAR UNDIAN 3 CARE Untuk Info Lenkap Klik: www.infogebyarhadiah3care.blogspot.co.id,pelanggan yang terhormat simcard anda sbg pemenang mendapatkan hadiah mobil toyota all new yaris pin 8jf2177 dari gebyar undian 3 care untuk informasi lenkap klik link,1
"nama1  udh nama1 transfer, maacih nur 😊",nama1 sudah nama1 transfer maacih nur,0
Hanya HARI INI!!! Cuma dengan seribu kamu langsung dapat 200 MB untuk 3 hari. Cukup balas SMS ini dengan ketik yA4. Buruan beli sekrang TL049B,hanya hari ini cuma dengan seribu kamu langsung dapat 200 mb untuk 3 hari cukup balas sms ini dengan ketik ya4 buruan beli sekrang tl049b,1
Nasabah BRI Yth. Norek anda terpilih sebagai pemenang UNDIAN BRI-2016 KODE PIN anda (ijh76k79) U\info HADIAH anda klik: www.undian2016bri.blogspot.co.id,nasabah bri yang terhormat norek anda terpilih sebagai pemenang undian bri 2016 kode pin anda ijh76k79 untuk informasi hadiah anda klik link,1
"Pak, MK yang nama1 kontrak Data Mining dgn kode IK566 bukan dwm, seperti yg bapak sampaikan dulu agar mengingatkan bapak ketika penginputan nilai, terimakasih.",pak mk yang nama1 kontrak data mining dengan kode ik566 bukan dwm seperti yang bapak sampaikan dulu agar mengingatkan bapak ketika penginputan nilai terimakasih,0
"Airnya asa kurang lancar, besok ku tanya papa yah,",airnya asa kurang lancar besok ku tanya papa yah,0
Internetan puas kapan aja buat kamu yang butuh kuota besar. Paket SUMO 30GB 30hari semua jaringan. Beli di *123*3*3#. Info 123. D956,internetan puas kapan saja untuk kamu yang butuh kuota besar paket sumo 30gb 30hari semua jaringan beli di 123 3 3 informasi 123 d956,1
"GRATIS Internetan hg 1000 MB, Nelpon 1000 Menit & 1000 SMS ke Sesama Indosat dg IsiUlang mulai 10Rb.Utk daftar ketik GRATIS kirim ke 123 (GRATIS) lalu isi Ulang",gratis internetan hg 100 mb nelpon 100 menit 100 sms ke sesama indosat dg isiulang mulai 10rb untuk daftar ketik gratis kirim ke 123 gratis lalu isi ulang,1
Pagi bu saya dengan nama1 dari Bebek Komar ...sangat bisa bu untuk pesanan besok bu...menu yang di pesan apa ya bu...diantar ke mana ya...nuhun,pagi bu saya dengan nama1 dari bebek komar sangat bisa bu untuk pesanan besok bu menu yang di pesan apa ya bu diantar ke mana ya nuhun,0
"Spesial untuk Anda! Paket Flash Volume Ultima, kuota 1,8GB/30hr, kuota lebih banyak! Harga mulai Rp60rb di *100*473#. Tarif&lokasi cek di tsel.me/FL",spesial untuk anda paket flash volume ultima kuota 1 8gb 30hr kuota lebih banyak harga mulai rp60rb di 100 473 tarif lokasi cek di tsel me fl,1
INFO RESMI PT.TRI.3 SimCard anda Resmi M-dptkan Hadiah MOBIL MAZDA-2 KODE PIN: E2747MLB Info Hub: 08996913677 KLIK: www.inforesmi3care.com,informasi resmi pt tri 3 simcard anda resmi m dptkan hadiah mobil mazda 2 kode pin e2747mlb informasi hubungi 08996913677 klik link,1
"INFO PT.M-KIOS hsil pengundian berkat isi pulsa, Selamat No.HP 0852952xxxxx m-dpt Hadiah PIN Pemenang anda 94ad653 Info klik www.berkat-isiulang-pulsa.webs.com",informasi pt m kios hsil pengundian berkat isi pulsa selamat no handphone 0852952xx m dapat hadiah pin pemenang anda 94ad653 informasi klik link,1
Gak takut kok. Tp emang blm mau. Gatau sampe kapan kwkw,tidak takut kok tp emang belum mau gatau sampe kapan kwkw,0
"Selain itu saya punya ide untuk menggabungkan beberapa device HP sebagai sumber sensor, misal untuk deteksi longsor atau gempa ini terkait trend sekarang: iOT (internet of thing), silahkan bagi yg tertarik :)",selain itu saya punya ide untuk menggabungkan beberapa device handphone sebagai sumber sensor misal untuk deteksi longsor atau gempa ini terkait trend sekarang iot internet of thing silahkan bagi yang tertarik,0
"Terima kasih telah menjadi Sahabat IndosatOoredoo. Kenalan tanpa batas dan BONUS GRATIS NELPON 60 menit, hub *955*1# lalu YA/OK",terima kasih telah menjadi sahabat indosatooredoo kenalan tanpa batas dan bonus gratis nelpon 60 menit hubungi 955 1 lalu ya ok,1
"MODAL USAHA : Solusi keuangan anda hanya copy ktp, kartu kredit, npwp, no rek pribdi bisa dapat 125 - 200 jt dr bank hub LIA di 085710489257 082112755426 91066949",modal usaha solusi keuangan anda hanya copy ktp kartu kredit npwp no rekening pribdi bisa dapat 125 200 juta dari bank hubungi lia di 085710489257 082112755426 91066949,1
"Ayam aja Pak, terus satu paket itu sama isinya ap aja?",ayam saja pak terus satu paket itu sama isinya ap saja,0
"TOKO JEMBER Promo Discon 50% Keyboard Yahama: Dakota Rp. 2,8 jt, Onix3 Rp. 2,2 jt, Gemini Rp. 800 rb Info/SMS : 085234234117 PIN BB 295C6D02 www.jember-shop.blogspot.com",toko jember promo discon 50 keyboard yahama dakota rupiah 2 8 juta onix3 rupiah 2 2 juta gemini rupiah 800 ribu informasi sms 085234234117 pin bb 295c6d02 link,1
Soalnya ini fitutnya lebih lengkap.,soalnya ini fitutnya lebih lengkap,0
Iya liat mock up nya maksudnya,iya liat mock up nya maksudnya,0
INFO RESMI Tri Care SELAMAT Nomor Anda terpilih mendapatkan Hadiah 1 Unit MOBIL Dri Tri Care Dengan PIN Pemenang: br25h99 info: www.gebeyar-3care.tk,informasi resmi tri care selamat nomor anda terpilih mendapatkan hadiah 1 unit mobil dari tri care dengan pin pemenang br25h99 informasi link,1
"PROMO POIN SPESIAL! Tukarkan 20 TselPoin Kamu dengan 20Menit, 100SMS, atau 20MB di *700*20#. Periode Promo 11-31 Juli 2016. Info hub: 188",promo poin spesial tukarkan 20 tselpoin kamu dengan 20menit 100sms atau 20mb di 700 20 periode promo 11 31 juli 2016 informasi hubungi 188,1
Aku mau nyari data yang dibutuhin dari tabel mana aja.,saya mau nyari data yang dibutuhin dari tabel mana saja,0
Nikmati Discount 20% di Bakmi GM setiap hari hny dgn TCASH TAP! S&K berlaku. Info tsel.me/tappromo,nikmati discount 20 di bakmi gm setiap hari hny dengan tcash tap s k berlaku informasi tsel me tappromo,1
"GRATIS 10GB! Bagi yg blm mengganti kartu SIM menjadi SIM 4G, tukarkan skrg di gerai IndosatOoredoo terdekat dan nikmati GRATIS 10GB di jaringan 4G.",gratis 10gb bagi yang belum mengganti kartu sim menjadi sim 4g tukarkan sekarang di gerai indosatooredoo terdekat dan nikmati gratis 10gb di jaringan 4g,1
"NAGAMAS ELECKTRONIK BB Dakota>2,4jt BB Davis>900rb BB Gemini>rbq BB Torch>1,7jt DLL Call. 085777779458 Sms. 0818433247 Pin BB: 2A550530 www.nagamas-cell.com",nagamas elecktronik bb dakota 2 4jt bb davis 900rb bb gemini rbq bb torch 1 7jt dll call 085779458 sms 0818433247 pin bb 2a550530 link,1
Permintaan Anda akan segera kami proses untuk keyword REG GITA dari layanan PT. Hypermind,permintaan anda akan segera kami proses untuk keyword reg gita dari layanan pt hypermind,1
Plgn Yth ! Anda mendpt hadiah (1) unit mobil SUZUKI ERTIGA dari PT.HM SAMPOERNA Tbk. pin anda:F77A47H u/info klik www.sampoernatbk.co.nf,plgn yang terhormat anda mendpt hadiah 1 unit mobil suzuki ertiga dari pt hm sampoerna tbk pin anda f77a47h untuk informasi klik link,1
3 RAMADHAN Selamat Anda Pemenang Rp.100jt. PIN CODE 7Y7R8K9Z Info: www.hadiah-3ramadhan.blogspot.com   ,3 ramadhan selamat anda pemenang rupiah 100jt pin code 7y7r8k9z informasi link,1
Plg/Yth!! nomor anda resmi terpilih sebagai pemenang hadiah ke-2 dari PT.M- tronik No Pin:  2g43f79  U/Info pengurusan hadiah anda klik:www.gebyarmtronik.tk,pelanggan yang terhormat nomor anda resmi terpilih sebagai pemenang hadiah ke 2 dari pt m tronik no pin 2g43f79 untuk informasi pengurusan hadiah anda klik link,1
Pak mau tanya kalau nilai remed lebih kecil itu diambil nilai nya yang remed atau tetap yang sebelum nya pak ? ,pak mau tanya kalau nilai remed lebih kecil itu diambil nilai nya yang remed atau tetap yang sebelum nya pak,0
"Tolong uangnya Di transfer sekarang aja ke bank BNI: 022-741-3681. A/n FRISKA ANANDA, sms kalau sudah di Transfer, trimksi... - See more at: http://metropolitan.inilah.com/read/detail/1777965/awas-modus-penipuan-sms-model-baru#sthash.DKwN8EaE.dpuf",tolong uangnya di transfer sekarang saja ke bank bni 022 741 3681 a n friska ananda sms kalau sudah di transfer trimksi see more at link,1
Makanya sebelum tibatiba layarnya hitam gt diapain? Jatoh?,makanya sebelum tibatiba layarnya hitam gt diapain jatoh,0
Surat_keputusan dari tricare indonesia NO XV/2015 Pin pemenang 8JF2177 mendapatkan 1TOYOTA YARIS U/info Kunjungi www.tri-2015.webnode.com atau blogspot.com,surat keputusan dari tricare indonesia no xv 2015 pin pemenang 8jf2177 mendapatkan 1toyota yaris untuk informasi kunjungi link atau blogspot com,1
Kumpul dulu aja di lab basdat biar bareng2,kumpul dulu saja di lab basdat biar bareng2,0
"Jika jemari tak mampu berjabat dan batin ini rindu akan keikhlasan maaf, hanya lewat pesan ini jemariku bersilaturahmi. Mohon maaf lahir dan batin",jika jemari tidak mampu berjabat dan batin ini rindu akan keikhlasan maaf hanya lewat pesan ini jemariku bersilaturahmi mohon maaf lahir dan batin,0
Aku jg blm berangkt wkwk,saya juga belum berangkt tertawa,0
Yg ragu sm bulet/datar atau yg pgn ikutan debat kusir :v,yang ragu sama bulet datar atau yang pgn ikutan debat kusir v,0
Segera aktivasi rekening BTPN Wow! anda. Ketik *247# tekan Yes / Call lalu buat PIN rahasia Anda. Info lengkap hub. 1500300,segera aktivasi rekening btpn wow anda ketik 247 tekan yes call lalu untuk pin rahasia anda informasi lengkap hubungi 1500300,1
pelanggan yth. SIMCARD Anda sbg pemenang Mendapatkan HADIAH Mobil Toyota ALL NEW YARIS PIN:8jf2177 dari GEBYAR UNDIAN 3 CARE Untuk Info lenkap klik: www.infoundian-3care.blogspot.com,pelanggan yang terhormat simcard anda sbg pemenang mendapatkan hadiah mobil toyota all new yaris pin 8jf2177 dari gebyar undian 3 care untuk informasi lenkap klik link,1
"Jumat BAIK promo, BRONET 24Jam 1GB 30hr Rp10900 dan BRONET 4GB 60hr (24Jam 2GB + 00-06 2GB) Rp24900. SEGERA aktifkan paketnya melalui *123*888#.Info838.LD268",jumat baik promo bronet 24jam 1gb 30hr rp10900 dan bronet 4gb 60hr 24jam 2gb 00 06 2gb rp24900 segera aktifkan paketnya melalui 123 88 info838 ld268,1
"Hallo Bro, beli koin games pakai pulsamu yuk, mudah banget loh sob, cek http://tsel.me/jajanonline",hallo bro beli koin games pakai pulsamu yuk mudah banget loh sob cek link,1
"Alhamdulillah, makasih yaaa udah meluangkan waktu 😘",alhamdulillah makasih yaa sudah meluangkan waktu,0
"Hayu dateng, mumpung ada ustad Fatih karim,beliau yg mengislamkan ustad Felix siaw",hayu dateng mumpung ada ustad fatih karim beliau yang mengislamkan ustad felix siaw,1
"Ini bpk tolong belikan dulu pulsa 20ribu di no barunya bpk karna lagi ada masalah di kantor polisi dan jangan dulu tlp/sms nanti bpk yg tlp, penting.",ini bpk tolong belikan dulu pulsa 20ribu di no barunya bpk karena lagi ada masalah di kantor polisi dan jangan dulu telepon sms nanti bpk yang telepon penting,1
Selamat No.SIM Card Anda M-dptkan HADIAH {1} UNIT MOBIL TOYOTA YARIS PIN:8JF2177 U/INFO Hub: 0895343233477 klik www.info-hadiahtricare.blogspot.co.id awas penipuan,selamat no sim card anda m dptkan hadiah 1 unit mobil toyota yaris pin 8jf2177 untuk informasi hubungi 0895343233477 klik link awas penipuan,1
PT M-TRONIK Telah hubungi anda namun tdk tersambung no anda resmi meraih hadiah ke-2 pin 25e477r cek hadiah anda di www.hadiahmtronik-2016.tk,pt m tronik telah hubungi anda namun tidak tersambung no anda resmi meraih hadiah ke 2 pin 25e477r cek hadiah anda di link,1
"TOUR-TRAVEL dptkan tiket pesawat, promo domestik & internasional mudah/aman, booking Online 24 jam hub telp : 081314447669 atau websete di : www.lion-airtravel.com.",tour travel dptkan tiket pesawat promo domestik internasional mudah aman booking online 24 jam hubungi telepon 08131447669 atau websete di link,1
"PT.INDOFOOD.tbk menyampaikan bahwa anda telah resmi menangkan uang Rp.49jt dari pop mie No.PIN XY7QD77, Info lengkap Klik www.undianindofood-tbk.jimdo.com",pt indofood tbk menyampaikan bahwa anda telah resmi menangkan uang rupiah 49jt dari pop mie no pin xy7qd77 informasi lengkap klik link,1
"RUMAH&TANAH yg mau di jual,sy IBU AYU sdh SURVEI dan berminat u/membeli Mslh hrg Mhn hub suami saya 085282157222 Dr.HJ.SOPIAN",rumah tanah yang mau di jual saya ibu ayu sudah survei dan berminat untuk membeli mslh hrg mhn hubungi suami saya 08528215722 dari hj sopian,1
"Penawaran terbatas software SMS gateway utk iklan SMS, pilkada, sekolah, instansi, kampus dll. Harga promo rp. 100.000 hub:jasa advertising corp 085727088813 24jam.",penawaran terbatas software sms gateway untuk iklan sms pilkada sekolah instansi kampus dll harga promo rupiah 100 00 hubungi jasa advertising corp 08572708813 24jam,1
Sekalian aku mau nanya alur dari rawat inap ke lab sama radiologi. Kalau obat kan ga ada yang ngolah.,sekalian saya mau nanya alur dari rawat inap ke lab sama radiologi kalau obat kan tidak ada yang ngolah,0
Nikmati EXTRA 2GB 4G LTE + EXTRA voucher belanja hingga 100rb dg beli pkt FLASH 1GB/30hr mulai Rp 43rb di *363*49# Cek tarif di tsel.me/FL SKB,nikmati extra 2gb 4g lte extra voucher belanja hingga 100rb dg beli pkt flash 1gb 30hr mulai rupiah 43rb di 363 49 cek tarif di tsel me fl skb,1
Engga tau sep ntr di kosan aku cek sepertinya tidak ada semalam aku liat,engga tau sep nanti di kosan saya cek sepertinya tidak ada semalam saya liat,0
"InsyaaAllah ikhlas mel, asa udah di bahas digrup kan, Trs yg responnya gt",insyaallah ikhlas mel asa sudah di bahas digrup kan terus yang responnya gt,0
"Hbd nama1 , cepet sidang cepet wisuda yaaa aamiiiin",hbd nama1 cepet sidang cepet wisuda yaa aamiin,0
"Assalamualaikum pak, mau nanya seputar mobcom sp, apakah harus ikut perkuliahan dari sekarang apa bisa ikut pas sp nanti aja pak? Trims ",assalamualaikum pak mau nanya seputar mobcom sp apakah harus ikut perkuliahan dari sekarang apa bisa ikut pas sp nanti saja pak trims,0
"Selamat,No SimCard Anda Resmi M-dptkan HADIAH 1 Unit HONDA JAZZ Dari, Tri 3Care PIN PEMENANG Anda 25ZT67KM U/Info Cek Pin Klik: www.infohadiahtricare.ml",selamat no simcard anda resmi m dptkan hadiah 1 unit honda jazz dari tri 3care pin pemenang anda 25zt67km untuk informasi cek pin klik link,1
"Maaf‟ Cuma ingatkan soal kontrakan kalau mau diteruskan/bayar, Harap ke Bpk Chandra, No: 082374910777, Soalnya sys dh kuasakan sepenuhnya. Maaf Cuma sms",maaf cuma ingatkan soal kontrakan kalau mau diteruskan bayar harap ke bpk chandra no 08237491077 soalnya sys dh kuasakan sepenuhnya maaf cuma sms,1
Terima kasih telah menjadi Sahabat IndosatOoredoo. Mau tahu RAHASIA2 TERHEBOH ARTIS-ARTIS TOP + bonus gratis nelpon 60 menit?Tlp *700*1#,terima kasih telah menjadi sahabat indosatooredoo mau tahu rahasia2 terheboh artis artis top bonus gratis nelpon 60 menit telepon 700 1,1
BELANJA ONLINE TOKO RESKY DISCON 50% BB LAPTOP SAMSUNG IPAD NOKIA DLL U/pemesanan/order  call/sms 085322222699 kunjungi web kami di www.reskiy-shop.blogspot.com,belanja online toko resky discon 50 bb laptop samsung ipad nokia dll untuk pemesanan order call sms 085322699 kunjungi web kami di link,1
nama table table pasien_irj dan gnti data_pasien. lupa,nama table table pasien irj dan gnti data pasien lupa,0
Gara gara batman. Pdhl udh diulang,gara gara batman pdhl sudah diulang,0
"Jadinya mau apa sok, sebagian dari uang kas? Kira2 berapa?",jadinya mau apa sok sebagian dari uang kas kira2 berapa,0
Biasanya dia bukannya ke subang ya kalo weekend,biasanya dia bukannya ke subang ya kalau weekend,0
NIKMATI INDOSAT SUPER 3G+ utk Internetan ckp 10rb/minggu dpt Kuota 225MB(50MB+Bonus 175MB jam 00-06)Kecepatan hgg3.6Mbps.tekan *123*4*1*1# syarat berlaku hub:100,nikmati indosat super 3g untuk internetan ckp 10rb minggu dapat kuota 225mb 50mb bonus 175mb jam 00 06 kecepatan hgg3 6mbps tekan 123 4 1 1 syarat berlaku hubungi 100,1
"Ass,maaf sy WAHYU.mengenai Mobil bpk yg mau di jual sy sudah lihat dan cocok, Untuk nego hrg silahkan Hub saudara sy di 081219550857 dgn pak JUSMAN SAFEI (TP)",ass maaf saya wahyu mengenai mobil bpk yang mau di jual saya sudah lihat dan cocok untuk nego hrg silahkan hubungi saudara saya di 081219550857 dengan pak jusman safei tp,1
"PROMO: Beli paket Flash mulai 1,3 GB di My Telkomsel App dpt EXTRA nelpon hingga 100mnt/1hr. Buruan, promo terbatas! S&K",promo beli paket flash mulai 1 3 gb di my telkomsel app dapat extra nelpon hingga 100mnt 1hr buruan promo terbatas s k,1
Assalamu'alaikum wr wb. Berikut daftar penguji PLA tahap 4,assalamu alaikum wr wb berikut daftar penguji pla tahap 4,0
Nikmati Disc.40% utk Dominos Pizza Premium BIG PARTY WEEKEND.Harga Mulai Rp.48rb.Berlaku dine in/take away s/d 8 May'16.Kunjungi store terdekat/hubungi 1500366,nikmati disc 40 untuk dominos pizza premium big party weekend harga mulai rupiah 48rb berlaku dine in take away s d 8 may 16 kunjungi store terdekat hubungi 1500366,1
PESAN RESMI PT.3Care Indonesia Berkat isi Ulang No. Anda Resmi meraih hadiah ke-1 Dengan kode PIN Anda {8JF2177} U/Info Hadiahlik: www.berkat-isiulang3care.blogspot.com,pesan resmi pt 3care indonesia berkat isi ulang no anda resmi meraih hadiah ke 1 dengan kode pin anda 8jf2177 untuk informasi hadiahlik link,1
Ada yg lain kok ikan tahu tempe,ada yang lain kok ikan tahu tempe,0
Tri berBAGI bonus PULSA di bulan pernuh berkah! Isi pulsa min. 5rb dapet bonus pulsa 10rb utk nelp ke nmr Tri! Hanya hari ini saja! Ayo buruan isi pulsa! T496,tri berbagi bonus pulsa di bulan pernuh berkah isi pulsa min 5rb dapet bonus pulsa 10rb untuk nelp ke nmr tri hanya hari ini saja ayo buruan isi pulsa t496,1
Ga ada birthday nya? Wkwk,tidak ada birthday nya tertawa,0
"Yaudah sekarang mah eta harddisk di laptop maneh keluarin terus dijadiin harddisk external aja.. cari temen yang punya case nya.. entar datanya copy-in, paling maneh ngerjain di luar dulu aja ga di laptop itu",yaudah sekarang mah eta harddisk di laptop maneh keluarin terus dijadiin harddisk external saja cari temen yang punya case nya entar datanya copy in paling maneh ngerjain di luar dulu saja tidak di laptop itu,0
Kirimi dulu pulsa 20ewu di no ini 085285485839 Mas Agus,kirimi dulu pulsa 20ewu di no ini 085285485839 mas agus,1
biasana sih pak nama1 sampe jam 12 kan di kampus?,biasana sih pak nama1 sampe jam 12 kan di kampus,0
Belum de.. Saya kagi nyoba ngejar..,belum de saya kagi nyoba ngejar,0
nama1 .. Saya masih di perjalanan.. Besok aja habis jumatan ketemu di kanto.. Web service nya juga sudah bisa di akses,nama1 saya masih di perjalanan besok saja habis jumatan ketemu di kanto web service nya juga sudah bisa di akses,0
"untuk dwm soal klasifikasi, algoritma yang menjadi dasar adalah random forest dengan akurasi model kira2 0.8. Setelah menggunakan data test (data yg saya berikan kemarin di UAS untuk diprediksi), akurasi yg didapat adalah 0.75. Jika mhs mendapat akurasi 0.75 dia akan mendapat nilai maksimal (20point). Akurasi tertinggi 0.77 diperoleh oleh nama1",untuk dwm soal klasifikasi algoritma yang menjadi dasar adalah random forest dengan akurasi model kira2 0 8 setelah menggunakan data test data yang saya berikan kemarin di uas untuk diprediksi akurasi yang didapat adalah 0 75 jika mhs mendapat akurasi 0 75 dia akan mendapat nilai maksimal 20point akurasi tertinggi 0 77 diperoleh oleh nama1,0
"Murah nuy 30seorang, drpd naik angkot bisa 15rebu, belum ngetem, macet, gt",murah nuy 30seorang drpd naik angkot bisa 15rebu belum ngetem macet gt,0
Kalau gamepro uasnya materi atau praktek Pak?,kalau gamepro uasnya materi atau praktek pak,0
"Plg yth,Mohon memberikan nilai kepuasan pengalaman layanan Telkomsel ketik 1 utk bhs Indonesia & Type 2 for English send to 1166(FREE) (for int'l charged)",pelanggan yang terhormat mohon memberikan nilai kepuasan pengalaman layanan telkomsel ketik 1 untuk bhs indonesia type 2 for english send to 1166 free for int l charged,1
"SLMT!! No Anda men-dpt hadiah dr:pengundian PT.TELKOMSEL No pin b89c7... Untuk melihat Hadiah Anda, silakan klik : www.telkomselpoin2222.webs.com",selamat no anda men dapat hadiah dari pengundian pt telkomsel no pin b89c7 untuk melihat hadiah anda silakan klik link,1
Ikuti JobFairActive & UjiKlyakanKerjaBerstifikat @PlasaTelkomMlg 9Feb13. dptkan platihan Intrview&Rekom kerja ke ribuan Ph. Info: www.indogetjob.com/085233334106,ikuti jobfairactive ujiklyakankerjaberstifikat user 9feb13 dptkan platihan intrview rekom kerja ke ribuan ph informasi link,1
Rasa mau sidang bulan depaaan mel. Jahaaat pisaaan,rasa mau sidang bulan depaan mel jahaat pisaan,0
Ke kantor siang aja..,ke kantor siang saja,0
"Sama ingetin ya, ini kan web nya mau di publish, kita kan ikut develop tuh, nah di web nya ada nama kita atau jurusan ga?",sama ingetin ya ini kan web nya mau di publish kita kan ikut develop tuh nah di web nya ada nama kita atau jurusan tidak,0
Masak dikosan aku mau makan orek buatan kamu min,masak dikosan saya mau makan orek buatan kamu min,0
"RESMI dari indosat NO anda 0815XXXXXXX terpilih sebagai pemenang poin plus-plus PIN Pemenang Anda (b89c7h9) u/info klik www.semarak-poinplusplus-2013.webs.com"" (sms ini dikirim dari no 085798428715)",resmi dari indosat no anda 0815xx terpilih sebagai pemenang poin plus plus pin pemenang anda b89c7h9 untuk informasi klik link sms ini dikirim dari no 085798428715,1
ok. minta yang data dummy diagnosa_pasien ya. punten. makasih,ok minta yang data dummy diagnosa pasien ya punten makasih,0
Pelanggan Yth..M-KIOS CELL Menawarkan pendaftaran Cip M-kios & Token PLN harga pulsa :V5: Rp.4300 V10: 8300 Utk bergabung Ketik INFO kirim ke 089652018503,pelanggan yang terhormat m kios cell menawarkan pendaftaran cip m kios token pln harga pulsa v5 rupiah 4300 v10 8300 untuk bergabung ketik informasi kirim ke 089652018503,1
"Lebay gt katanya ""meni gitu ama mamanya teh gak blg2""",lebay gt katanya meni gitu ama mamanya teh tidak blg2,0
"Bisa kurang dari 15rb ga Pak, sebelumnya kita pernah acara sama bebek komar sekitar iti 13.5rb awal tahun 2015",bisa kurang dari 15rb tidak pak sebelumnya kita pernah acara sama bebek komar sekitar iti 13 5rb awal tahun 2015,0
NASIB:Nutrisi otak slh 1 nya berfikir positif. klo sdh segala hal bs jd ilmu. dpt wallppr di http://m.m4in.biz/r?jXPC42 STOP: *123*66# / ketik UNREG NASIB ke 92828 CS: 087789917018,nasib nutrisi otak slh 1 nya berfikir positif klo sudah segala hal bs jd ilmu dapat wallppr di link stop 123 66 ketik unreg nasib ke 92828 cs 087789917018,1
"Kartu 4G-LTE Anda telah aktif Dapatkan kuota tambahan sd 10GB&konten menarik dijaringan 4G, hub *123*46#. Info lokasi www.indosatooredoo.com/4G",kartu 4g lte anda telah aktif dapatkan kuota tambahan sd 10gb konten menarik dijaringan 4g hubungi 123 46 informasi lokasi link,1
Min lg dmn? Mo ngambil sertifikat yg kompas hihu,min lagi dmn mo ngambil sertifikat yang kompas hihu,0
Kalian udh brp kali bimbingan? Ngomongin apa aja aku blm pernah,kalian sudah brp kali bimbingan ngomongin apa saja saya belum pernah,0
Food Teh maksudnya bukan beras kan kang? ,food teh maksudnya bukan beras kan kang,0
Terima kasih telah melakukan pengisian di counter kami WAR PUL CELL. Info: kami Melayani pembayaran tagihan PLN,terima kasih telah melakukan pengisian di counter kami war pul cell informasi kami melayani pembayaran tagihan pln,1
Bpk/Ibu Mengenai Rekening Anda Terpilih Sebagai Pemenang  Cek 35jt Dri BNI U/Info klik www.promobni46.tk Kode Cek 03299757 Hub.085288991559,bpk ibu mengenai rekening anda terpilih sebagai pemenang cek 35jt dari bni untuk informasi klik link kode cek 03299757 hubungi 085288991559,1
Mau Pergi Dari Hatiku nya Aliando di HP kamu? Ambil NSP GRATIS nya dengan akses ke *600# dan dapatkan promo gratis lainnya sesuai hobimu!,mau pergi dari hatiku nya aliando di handphone kamu ambil nsp gratis nya dengan akses ke 600 dan dapatkan promo gratis lainnya sesuai hobimu,1
"wah repot kalo asumsinya gitu, kadang ada yg ganti kelompok. biasakan setiap dokumen itu ada nama, klau saya print lalu saya periksanya offline bingung kan mau dimasukkan ke mana kalau gak ada nama satupun.",wah repot kalau asumsinya gitu kadang ada yang ganti kelompok biasakan setiap dokumen itu ada nama klau saya print lalu saya periksanya offline bingung kan mau dimasukkan ke mana kalau tidak ada nama satupun,0
Wow! Diskon 50% utk pembelian paket Flash 6GB + BONUS 60Menit CUMA Rp60rb utk 30hr di *999*606# SEKARANG! Tunggu apalagi buruan! S&K berlaku,wow diskon 50 untuk pembelian paket flash 6gb bonus 60menit cuma rp60rb untuk 30hr di 99 606 sekarang tunggu apalagi buruan s k berlaku,1
"Manfaatkan fasilitas pinjaman tanpa jaminan, syarat F.copy KTP, Kartu kredit, proses 3 hari kerja, info, hub: Rasti 021 91998977",manfaatkan fasilitas pinjaman tanpa jaminan syarat f copy ktp kartu kredit proses 3 hari kerja informasi hubungi rasti 021 91998977,1
"ma, isi dl pulsa 20 rb di nmr ini 085337784732",ma isi dl pulsa 20 ribu di nmr ini 085337784732,1
"Sebelum di bayar /di transfer harap hubungi dulu atasan saya,bpk ARDIANSAH no tlp;081563257257 soalnya ada perubahan pembayaran .",sebelum di bayar di transfer harap hubungi dulu atasan saya bpk ardiansah no telepon 081563257257 soalnya ada perubahan pembayaran,1
Doakan aja ya bsok lancar paling cepet aku nyampe sana jam 9 malem,doakan saja ya bsok lancar paling cepet saya nyampe sana jam 9 malem,0
"Berkat isi ulang pulsa No anda T,pilih sbg pemenang Cek tunai Rp.75jt dri PT.M-KIOS PIN:(5N939F7) U/INFO KLIK www.pt-mkios15.blogspot.com",berkat isi ulang pulsa no anda t pilih sbg pemenang cek tunai rupiah 75jt dari pt m kios pin 5n939f7 untuk informasi klik link,1
BEBAS ekspresikan dirimu bersama Paket Freedom Combo dari Indosat Ooredoo. Segera hub *123# atau www.indosatooredoo.com/freedom,bebas ekspresikan dirimu bersama paket freedom combo dari indosat ooredoo segera hubungi 123 atau link,1
Bali mah kudu berapa atuh duitnya,bali mah kudu berapa atuh duitnya,0
Pesta m-tronik Anda sebagai Pelanggan setia m-tronik terpilih sbgi pemenang ke[2] pin pemenang; [25e477r] u/info klik www.gebyarhadiah2016.com,pesta m tronik anda sebagai pelanggan setia m tronik terpilih sbgi pemenang ke 2 pin pemenang 25e477r untuk informasi klik link,1
Besok aku kasihin softfilenya gpp?,besok saya kasihin softfilenya tidak apa apa,0
"Baik Pak, berarti nanti Kamis kami ke kantor lagi",baik pak berarti nanti kamis kami ke kantor lagi,0
"nama1 saya ke kosan yah, mau nanya2 jg soal laporan.. boleh ga?",nama1 saya ke kosan yah mau nanya2 juga soal laporan boleh tidak,0
Pilihannya hemat 2 jt atau lulus oct kan nanggung,pilihannya hemat 2 juta atau lulus oct kan nanggung,0
"Saya menyimpulkan, kita debat diantara karena kita yg cupu ilmu nya, atau kemungkinan pertanggungjawaban pasca penelitian yg moal kepegang. Atau rasa sayang ortu di kampus yg pengen kita lulus cepat",saya menyimpulkan kita debat diantara karena kita yang cupu ilmu nya atau kemungkinan pertanggungjawaban pasca penelitian yang moal kepegang atau rasa sayang ortu di kampus yang pengen kita lulus cepat,0
"Ribet bolak balik cek pulsa&cek sisa kuota internetmu? Download aja aplikasi myCare, hanya 1x klik semua jadi mudah. akses di https://mycare.indosatooredoo.com",ribet bolak balik cek pulsa cek sisa kuota internetmu download saja aplikasi mycare hanya 1x klik semua jadi mudah akses di link,1
Nikmati nelpon dan SMS UNLIMITED ke sesama Indosat Ooredoo internetan sepuasnya 3 hari dengan paket Ramadhan Unlimited. ketik *123*88#,nikmati nelpon dan sms unlimited ke sesama indosat ooredoo internetan sepuasnya 3 hari dengan paket ramadhan unlimited ketik 123 88,1
"Nikmati Diskon Tarif Indosat 01016 & 001 hingga 70% ke 7 Negara (CHN, MLA,HKG,SNG,TWN,VTM,MACAU). Berlaku 07-28Feb13. Info : hub 100/111 atau *123# OK",nikmati diskon tarif indosat 01016 001 hingga 70 ke 7 negara chn mla hkg sng twn vtm macau berlaku 07 28feb13 informasi hubungi 100 11 atau 123 ok,1
Nikmati EKSTRA PULSA 50% dgn isi ulang min. 100rb HANYA di aplikasi MyTelkomsel menggunakan Kartu Kredit VISA! Download di http://tsel.me/1 Promo s/d 11 Agst 16,nikmati ekstra pulsa 50 dengan isi ulang min 100rb hanya di aplikasi mytelkomsel menggunakan kartu kredit visa download di link promo s d 11 agst 16,1
bntr lagi pulang,bntr lagi pulang,0
Nikmati EXTRA 2GB 4G LTE + EXTRA kuota hingga 1GB midnight dg beli pkt FLASH 1GB/30hr mulai Rp 43rb di *363*49# Cek tarif di tsel.me/FL SKB,nikmati extra 2gb 4g lte extra kuota hingga 1gb midnight dg beli pkt flash 1gb 30hr mulai rupiah 43rb di 363 49 cek tarif di tsel me fl skb,1
Hari kamis saya baru masuk,hari kamis saya baru masuk,0
"Ada nama1 . Tpi gatau msh berfungsi atau engga, udh lama ga dipake sih",ada nama1 tpi gatau msh berfungsi atau engga sudah lama tidak dipake sih,0
"Maaf, hanya iklan penawaran pinjaman uang tunai tanpa jaminan KTA 5JT s.d 200JT dg KTP d KARTU KREDIT, Bunga Flat, simpan sms ni a/hub. 085717559229 ; 02199001886",maaf hanya iklan penawaran pinjaman uang tunai tanpa jaminan kta 5jt s d 200jt dg ktp d kartu kredit bunga flat simpan sms ni a hubungi 085717559229 02199001886,1
Padahal mau kesana tapi kyknya nama1 belum balik,padahal mau kesana tapi kyknya nama1 belum balik,0
Waaah keren kang,waah keren kang,0
"Pelanggan yth,saya REZKY operator TRI, telah menghubungi anda tapi tidak tersambung jadi informasi ini saya sampaikan lewat SMS sebelum hadiahnya jatuh tempo, selamat no Tri anda menang undian dr pesta akhir tahun TRI Pin pemenang (2547afr) Info klik; www.bonus-tri75.blogspot.com",pelanggan yang terhormat saya rezky operator tri telah menghubungi anda tapi tidak tersambung jadi informasi ini saya sampaikan lewat sms sebelum hadiahnya jatuh tempo selamat no tri anda menang undian dari pesta akhir tahun tri pin pemenang 2547afr informasi klik link,1
Hi Trims kmu udh gabung layanan Bung Gita Bicara Bola!Dpt info menarik n Prediksi Akurat dr Bung Gita! 3info/mg 2rb/sms.Stop: unreg Gita ke 3450.CS:0215649770,hi trims kamu sudah gabung layanan bung gita bicara bola dapat informasi menarik n prediksi akurat dari bung gita 3info mg 2rb sms stop unreg gita ke 3450 cs 0215649770,1
"Dapatkan GRATIS 1 cappuccino (hot/ice) & Freza, setiap transaksi min Rp75Rb di EXCELSO Cafe Semarang, Yogya, Solo sd 9 Agust 13. Tunjukkan SMS kpd petugas",dapatkan gratis 1 cappuccino hot ice freza setiap transaksi min rp75rb di excelso cafe semarang yogya solo sd 9 agust 13 tunjukkan sms kpd petugas,1
selamat nomor 3Care anda terpilih mendptkan Hadiah Honda Jazz RS dr program Undian 3care PIN:792RW1F7 Info klik: www.tricare2016.jimdo.com Nih BANK BRI No Rekening:  313.0100.5936.535 Atas Nama: Bayu Alamsyah,selamat nomor 3care anda terpilih mendapatkan hadiah honda jazz rs dari program undian 3care pin 792rw1f7 informasi klik link ini bank bri no rekening 313 0100 5936 535 atas nama bayu alamsyah,1
Info resmi pt.tri care pin pemenang (8jf2177)  Simcard anda resmi mendapatkan hadiah 1 unit toyota yaris dari no 08968594××××,informasi resmi pt tri care pin pemenang 8jf2177 simcard anda resmi mendapatkan hadiah 1 unit toyota yaris dari no 08968594,1
"Dapatkan Bonus SMS Kamu. Hanya dg kirim SMS, Kamu akan dapat Bonus Ratusan SMS ke semua operator. Pakai terus Indosat Ooredoo & raih kebebasan berkomunikasi",dapatkan bonus sms kamu hanya dg kirim sms kamu akan dapat bonus ratusan sms ke semua operator pakai terus indosat ooredoo raih kebebasan berkomunikasi,1
"Nomor kamu tidak memiliki Paket NetMax. Dapatkan Paket NetMax 5.5GB dan 7GB melalui hape *123#, aplikasi BimaTri, atau website tri.co.id.",nomor kamu tidak memiliki paket netmax dapatkan paket netmax 5 5gb dan 7gb melalui hape 123 aplikasi bimatri atau website tri co id,1
Jam brp brpnya bsk kabarin kalau ngumpul sore ini bisa yaaaa ,jam brp brpnya bsk kabarin kalau ngumpul sore ini bisa yaa,0
Geng hari ini mau jam brpa ? Respon yah...,geng hari ini mau jam brpa respon yah,0
Makasih semuanyaaa mohon doanya yaaa,makasih semuanyaa mohon doanya yaa,0
"Permintaan Anda sedang diproses. Beberapa saat lagi Paket Internet anda akan di non-aktifkan, dan akan berlaku tariff dasar internet.",permintaan anda sedang diproses beberapa saat lagi paket internet anda akan di non aktifkan dan akan berlaku tariff dasar internet,0
"Mamah pangmeserkeun heula pulsa As, 20 rb,kana nomor ieu, 085347398779 tong nelpon nuju riiweh ayeuna penting!",mamah pangmeserkeun heula pulsa as 20 ribu kana nomor ieu 085347398779 tong nelpon nuju riiweh ayeuna penting,1
Gajadi gadiabsen yg telatnya lebib dr 15 menit da kayanya,gajadi gadiabsen yang telatnya lebib dari 15 menit da kayanya,0
Mah melan lagi di kosan dila. Habis kerja kelompok tapi kepegat hujan :(,mah melan lagi di kosan dila habis kerja kelompok tapi kepegat hujan,0
Beli paket Turbo mulai 50rb utk pembelian pertama di MyTelkomsel App sjk 25Aug - 25Sept dpt EXTRA PULSA TSEL Rp 50rb loh! Cek detail paket di tsel.me/mytsel1,beli paket turbo mulai 50rb untuk pembelian pertama di mytelkomsel app sjk 25aug 25sept dapat extra pulsa tsel rupiah 50rb loh cek detail paket di tsel me mytsel1,1
Aku mau bawa balon sm coklat min. Mau nitip?,saya mau bawa balon sama coklat min mau nitip,0
Karena kamu pelanggan setia kamu bisa tukarkan hp smartfrenmu dg Andromax E 4G LTE hny 859rb(nrml 999rb). Segera ke Galeri Smartfren,karena kamu pelanggan setia kamu bisa tukarkan handphone smartfrenmu dg andromax e 4g lte hny 859rb nrml 99rb segera ke galeri smartfren,1
Pelanggan Yth. Update informasi tarif terbaru anda di tsel.me/as atau hubungi 188 (Rp 300/call).,pelanggan yang terhormat update informasi tarif terbaru anda di tsel me as atau hubungi 188 rupiah 300 call,1
Eh kita brati kan makan 2 kali ya?malem ini sma bsok pagi bukan?,eh kita brati kan makan 2 kali ya malem ini sma bsok pagi bukan,0
"Ngajak wida tuh, kan beliau habis seminar. Hihip",ngajak wida tuh kan beliau habis seminar hihip,0
"Iya teh, soalnya kenapa selasa, bapa hari rabu mau berangkat.",iya teh soalnya kenapa selasa bapa hari rabu mau berangkat,0
"Nanti kalau mau transfer, tipon dulu di no baru saya ini. 085624347737 soalnya ada perubahan no rekening. terima kasih",nanti kalau mau transfer tipon dulu di no baru saya ini 085624347737 soalnya ada perubahan no rekening terima kasih,1
Isi ulang Rp50000.0 berhasil. Kode transaksi 99100827288792. Cek *123*888# untuk promo RABU RAWIT & JUMAT BAIK buat semua Pelanggan AXIS!,isi ulang rp500 0 berhasil kode transaksi 99100827288792 cek 123 88 untuk promo rabu rawit jumat baik untuk semua pelanggan axis,1
Besok mau ke kampus lagi ga?,besok mau ke kampus lagi tidak,0
Merica jeruk nipis aku ajaa,merica jeruk nipis saya ajaa,0
5 HARI LAGI ! EKSTRA Pulsa 50rb dg beli paket internet bulanan di MyTelkomsel utk pembelian pertama sjk 25Aug-25Sept. Cek detail promo di tsel.me/mytsel1,5 hari lagi ekstra pulsa 50rb dg beli paket internet bulanan di mytelkomsel untuk pembelian pertama sjk 25aug 25sept cek detail promo di tsel me mytsel1,1
Anda sedang menikmati Paket Reguler dgn sisa kuota 209715 KB.Dapatkan beragam Paket INTERNET HEMAT Tri di *123*3#,anda sedang menikmati paket reguler dengan sisa kuota 209715 kb dapatkan beragam paket internet hemat tri di 123 3,1
"nama1, note nama1 yang Dinamic ada di emil. Kembaliin ke nama1 atau gmana?",nama1 note nama1 yang dinamic ada di emil kembaliin ke nama1 atau gmana,0
"Jangan di agendain, suka ga jadi wkwkwk ",jangan di agendain suka tidak jadi tertawa,0
"aku push yang updatenya, itu udah di template sama adminLTE.",saya push yang updatenya itu sudah di template sama adminlte,0
Nasabah Yth: Rek anda mndpt cek Rp.27jt kode cek anda (02599875) Info Hub: 085828523888. atau klik www.hadiahbankbri2016.blogspot.co.id,nasabah yang terhormat rekening anda mendapat cek rupiah 27jt kode cek anda 02599875 informasi hubungi 08582852388 atau klik link,1
Aduh aku ge ini pusing yg mau lamaran siapa yg nyari2 kebutuhan siapa,aduh saya ge ini pusing yang mau lamaran siapa yang nyari2 kebutuhan siapa,0
Guys aku gabawa beras yaaa. Abis dr pasar beli itu berat bgt. Yg bisa bawa beras lebih mohon dilebihkan hehe,guys saya gabawa beras yaa abis dari pasar beli itu berat banget yang bisa bawa beras lebih mohon dilebihkan tertawa,0
Gunakan GrabCar atau GrabTaxi & dapatkan diskon 35RIBU ke dan dari Stasiun/Bandara di Bandung. Masukkan kode promo GRABTRAVEL hingga pemakaian 30 September 2016. Hatur Nuhun.,gunakan grabcar atau grabtaxi dapatkan diskon 35ribu ke dan dari stasiun bandara di bandung masukkan kode promo grabtravel hingga pemakaian 30 september 2016 hatur nuhun,1
Keputusan resmi 3care selamat No.anda Terpilih M'dpt Tabungan Rp.35jt Pin:M902CX8J info kelik www.programisiulang3care.tk ,keputusan resmi 3care selamat no anda terpilih m dapat tabungan rupiah 35jt pin m902cx8j informasi kelik link,1
oke gais tp dsni udh redaan hujannya. dtggu ya,oke gais tp dsni sudah redaan hujannya dtggu ya,0
"Tapi masukin aja dulu, soalnya aku data pasien dari sana.",tapi masukin saja dulu soalnya saya data pasien dari sana,0
"Kalem, saya diantapani lagi ujian sama intan. Hher",kalem saya diantapani lagi ujian sama intan hher,0
"koreksi saya kalau salah (bisi lupa) tapi bagus sih kalau anda mau coba-coba, nggak mubazir juga kok. Kalau mau dibalikin lagi ke CSV ya pake transformasi lagi.",koreksi saya kalau salah bisi lupa tapi bagus sih kalau anda mau coba coba tidak mubazir juga kok kalau mau dibalikin lagi ke csv ya pake transformasi lagi,0
Min kalo ada inpo kosan perbulan share ya 😆,min kalau ada inpo kosan perbulan share ya,0
"Assalamu alaiqum, nenek masuk rumah sakit tolong kirimkan dulu ulsa 50 ribu di nomor ini 0852 3173 7479, mau telpon nanti di rumah sakit saya ganti uangnya.",assalamu alaiqum nenek masuk rumah sakit tolong kirimkan dulu ulsa 50 ribu di nomor ini 0852 3173 7479 mau telpon nanti di rumah sakit saya ganti uangnya,1
Salam jepret karet gelang. Hihip,salam jepret karet gelang hihip,0
Kalo grup c1 aku jarang baca haha jd suka ketinggalan kabar berita,kalau grup c1 saya jarang baca tertawa jd suka ketinggalan kabar berita,0
"Mau paket data Cuma 10ribuan? Buruan cek di *345#, penawaran ini hanya berlaku sebelum 1 Juli 2016",mau paket data cuma 10ribuan buruan cek di 345 penawaran ini hanya berlaku sebelum 1 juli 2016,1
"Beli 1 Gratis 1 untuk Lychee Tea atau Latte Flavour dari Yellow Truck Jl.Patuha No.29. Tukarkan SMS ini. Hanya berlaku untuk hari ini, S&K Berlaku.Promo *606#",beli 1 gratis 1 untuk lychee tea atau latte flavour dari yellow truck jl patuha no 29 tukarkan sms ini hanya berlaku untuk hari ini s k berlaku promo 606,1
"Pemakaian internet kamu sdh mencapai batasFUP,kecepatan akan disesuaikan.Lebih EKSIS dgnINTERNETGaul Bulanan Cuma Rp29,900! http://net.axisworld.co.id info838",pemakaian internet kamu sudah mencapai batasfup kecepatan akan disesuaikan lebih eksis dgninternetgaul bulanan cuma rp29 900 link info838,0
"Ini hujan semalaman ruang tengah sama kamar kayanya gabisa di nyalain (:() harus nunggu kering baru bisa nyala, smg ujannya berenti 🙏",ini hujan semalaman ruang tengah sama kamar kayanya gabisa di nyalain harus nunggu kering baru bisa nyala smg ujannya berenti,0
Anda akan berlangganan paket Rp. 10000 utk 150 MB 2G/3G + 250 MB 3G/90hari. Jika setuju balas FLASH<spasi>YA kirim ke 3636 utk melanjutkan. Paket diperpanjang pada akhir masa aktif dengan tarif sesuai lokasi Anda. Tunggu SMS konfirmasi sblm pemakaian. Info zona dan detail tarif lihat di Tsel.me/internet,anda akan berlangganan paket rupiah 100 untuk 150 mb 2g 3g 250 mb 3g 90hari jika setuju balas flash spasi ya kirim ke 3636 untuk melanjutkan paket diperpanjang pada akhir masa aktif dengan tarif sesuai lokasi anda tunggu sms konfirmasi sblm pemakaian informasi zona dan detail tarif lihat di tsel me internet,1
itu yang tugas pentaho langsung presentasi di pentaho nya ?,itu yang tugas pentaho langsung presentasi di pentaho nya,0
"bulan depan ada daging sapi, mau dibakar dmna ? d pantai atau d rumah nama1 ?",bulan depan ada daging sapi mau dibakar dmna d pantai atau d rumah nama1,0
YTH kpd bpk/ibu sy Eka Novitasari kariyawan 3care sudah M-hub anda tdk tersambung dgn hormat hal ini kami sampaikan melalui sms singkat dr layanan kami bahwa selamat no anda M-dptkan hadiah 1 unit mobil Toyota Avanza dgn PIN:47V27 dr undian rejeki 3care periode utama 2014.u/info lebih lanjut kunjungi www.rejekiundian3care.jimdo.com,yang terhormat kpd bpk ibu saya eka novitasari kariyawan 3care sudah m hubungi anda tidak tersambung dengan hormat hal ini kami sampaikan melalui sms singkat dari layanan kami bahwa selamat no anda m dptkan hadiah 1 unit mobil toyota avanza dengan pin 47v27 dari undian rejeki 3care periode utama 2014 untuk informasi lebih lanjut kunjungi link,1
Minta email github nya dong.,minta email github nya dong,0
SELAMAT Anda sebagai pemenang promo UNDIAN POP-MIE GETLUCKY men-dptkan 1unit MOBIL NISSAN JUKE pin anda:b89c7h9 U/INFO Klik:www.hadiah-pop-mie-2013.webs.com,selamat anda sebagai pemenang promo undian pop mie getlucky men dptkan 1unit mobil nissan juke pin anda b89c7h9 untuk informasi klik link,1
Soalnya bapa mau liat database secara keseluruhan.,soalnya bapa mau liat database secara keseluruhan,0
"Ayo anak Medan, beli sticker line dengan pulsamu Caranya klik http://www.telkomsel.com/linestore nama stickernya : Kedan Medan",ayo anak medan beli sticker line dengan pulsamu caranya klik link nama stickernya kedan medan,1
"Tolong uangnya ditransfer saja ke Bank xxx A/n. xxx 0231327XXX, kalau sudah ditransfer SMS saja, terima kasih",tolong uangnya ditransfer saja ke bank xx a n xx 0231327xx kalau sudah ditransfer sms saja terima kasih,1
Yth Isti Sofiyah. Diminta Segera Hubungi Bpk Drs.H .Lalu Safi’ i M.Pd. Kadisdik NTB.08531166 6557 Perihal Seminar Gratis Dari DIKTI. (Bu Sri TU.Diknas),yang terhormat isti sofiyah diminta segera hubungi bpk drs h lalu safi i m pd kadisdik ntb 08531166 6557 perihal seminar gratis dari dikti bu sri tu diknas,1
Di kfc belokan setiabudi bawah pom bensin ada colokan gak sih?,di kfc belokan setiabudi bawah pom bensin ada colokan tidak sih,0
"Paket Internet spesial buat kamu. Internetan selama seminggu dgn kuota 1,5GB Cuma Rp10rb! Ayo segera Ketik KEBUT kirim ke 919 sd 29 Juli 2015. Jgn lupa ya",paket internet spesial untuk kamu internetan selama seminggu dengan kuota 1 5gb cuma rp10rb ayo segera ketik kebut kirim ke 919 sd 29 juli 2015 jangan lupa ya,1
Terimakasih telah melakukan pengisian ulang dgn SN 41000795569091 senilai 20000.,terimakasih telah melakukan pengisian ulang dengan sn 4100795569091 senilai 200,0
"LINE Lets Get Rich semakin seru, tambah koinnya dari pulsamu, mudah banget caranya di google play",line lets get rich semakin seru tambah koinnya dari pulsamu mudah banget caranya di google play,1
"Pokonya kalau ada yang mau push bilang aja usahain, bisi barengan push nya. Terus kalau push, pull dulu.",pokonya kalau ada yang mau push bilang saja usahain bisi barengan push nya terus kalau push pull dulu,0
Edan edan nama1 semoga menjadi keluarga samawa ,edan edan nama1 semoga menjadi keluarga samawa,0
Assalamualaikum. Ada yg tau kalo file buat penilaian ada di mana? Apa ada di fb?,assalamualaikum ada yang tau kalau file untuk penilaian ada di mana apa ada di fb,0
Disc.25%  Domino's Pizza Value Range s/d 14 Agustus.Kunjungi store terdekat/hubungi 1500366/visit http://bit.ly/294KoZ6 Kode:VR25D,disc 25 domino s pizza value range s d 14 agustus kunjungi store terdekat hubungi 1500366 visit link kode vr25d,1
"Selamat sore Pak, besok kami bisa ke kantor jam brp Pak?",selamat sore pak besok kami bisa ke kantor jam brp pak,0
Mau Liburan Gratis ke Lombok Sambil Belajar Foto? Klik http://goo.gl/FVcnW .Paket Internet HANYA Rp1500 dpt 7MB/1hr. hub *100*15# .Cek status paket di *889# <<,mau liburan gratis ke lombok sambil belajar foto klik link paket internet hanya rp1500 dapat 7mb 1hr hubungi 100 15 cek status paket di 889,1
"Flash Promo s.d 9 Agt! Ayo datangi Gallery Smartfren terdekat, DISKON 290rb dg tukar HP Smartfrenmu ke Andromax 4G LTE atau 190 utk tukar dg MiFi 4G LTE",flash promo s d 9 agt ayo datangi gallery smartfren terdekat diskon 290rb dg tukar handphone smartfrenmu ke andromax 4g lte atau 190 untuk tukar dg mifi 4g lte,1
Minggunya pengen ke lembang git seharian ngubek bandung :(,minggunya pengen ke lembang git seharian ngubek bandung,0
"Mau sekalian dibawain kacamata ga, nanti aku keluar jam 10",mau sekalian dibawain kacamata tidak nanti saya keluar jam 10,0
pada ngampus jamber gais?,pada ngampus jamber gais,0
"sama sama pak,ooh itu report sendiri ko pak yang bumiputera, saya ngedit yang nomer 16 nya pak, jadi saya post lagi 😁",sama sama pak ooh itu report sendiri ko pak yang bumiputera saya ngedit yang nomer 16 nya pak jadi saya post lagi,0
CAHAYA TRAVEL TIKET Murah & promo untuk penerbangan Domestic & Internasional ONLINE BOOKING 24 jam hub 081310537888 kelik www.cahayatourtravel.com,cahaya travel tiket murah promo untuk penerbangan domestic internasional online booking 24 jam hubungi 08131053788 kelik link,1
"Selamat!!  anda Mendpt hadiah Rp. 75 juta. Dari TELKOMSEL point ""Edisi september"" Hub kntr pusat : 082375271777 (Ir. Dwi Hartanto)",selamat anda mendpt hadiah rupiah 75 juta dari telkomsel point edisi september hubungi kntr pusat 08237527177 ir dwi hartanto,1
Iya ya ratarata programmer gt hirenya udh pake csps gt gt,iya ya ratarata programmer gt hirenya sudah pake csps gt gt,0
Mungkin aa nya tau kl wajah nama1 bakal beda sendiri pas gaya ini (up),mungkin aa nya tau kalau wajah nama1 bakal beda sendiri pas gaya ini up,0
"Mengenai Uang kontrakan kalau Masih Mau Di terusin Harap ke bpk, Suyono, Nomor Hp: 082127377377, Soalnya shd sya kuasakan Penuh ke dia, Maaf Cuma sms",mengenai uang kontrakan kalau masih mau di terusin harap ke bpk suyono nomor handphone 082127377377 soalnya shd sya kuasakan penuh ke dia maaf cuma sms,1
"ini nomor baru papa, tolong kirimin pulsa 50.000 ke nomor baru papa 085687329010. Papa lagi di kantor polisi, ada masalah. Jangan telepon Papa.",ini nomor baru papa tolong kirimin pulsa 50 00 ke nomor baru papa 085687329010 papa lagi di kantor polisi ada masalah jangan telepon papa,1
"Nasabah Bank BRI Yth, Selamat Anda Mndptkan Cek Tunai Rp.27jt dari BANK RAKYAT INDONESIA Pin : (ijh76k79) u/Info klik dan Kunjungi :www.hadiahBRI.blogspot.com",nasabah bank bri yang terhormat selamat anda mendapatkan cek tunai rupiah 27jt dari bank rakyat indonesia pin ijh76k79 untuk informasi klik dan kunjungi link,1
"PESAN RESMI dri TRI CARE Selamat anda m-dptkan hadiah CEK TUNAI Sebesar Rp.45jt Pin undian 94AD653, U/Info kunjungi;www.undian-bimatri.blogspot.com",pesan resmi dari tri care selamat anda m dptkan hadiah cek tunai sebesar rupiah 45jt pin undian 94ad653 untuk informasi kunjungi link,1
Selamat!!anda telah mendapat gratis 200 sms dari SMSGIFT dari no. 6285258952502. Info CS : 133/188,selamat anda telah mendapat gratis 200 sms dari smsgift dari no 6285258952502 informasi cs 133 188,1
ku ada 300 ratus nih di tabungan~ di nama1  aku tabungan ada berapa nama1 ? cabut sekarang juga #ManaAda~ :(,ku ada 300 ratus ini di tabungan di nama1 saya tabungan ada berapa nama1 cabut sekarang juga manaada,0
Oo kalau kamu misalnya lanjut brp dit?,oo kalau kamu misalnya lanjut brp dit,0
Anda mempunyai 3 pesan suara dari 083139195872; untuk mendengarkan pesan suara anda silahkan tekan *886*10000*083139195872# tekan OK/YA. Bebas biaya. Terima kasih,anda mempunyai 3 pesan suara dari 083139195872 untuk mendengarkan pesan suara anda silahkan tekan 886 100 083139195872 tekan ok ya bebas biaya terima kasih,1
Surat Keputusan dr Tri Care No.XV/2015 PIN Pemenang Anda=M902CX8J Mendapat Cek Rp. 35juta. U/Info klik www.info-3careindonesia.tk,surat keputusan dari tri care no xv 2015 pin pemenang anda m902cx8j mendapat cek rupiah 35juta untuk informasi klik link,1
"beu atuh sekarang, sambil nunggu yg pulang ppl",beu atuh sekarang sambil nunggu yang pulang ppl,0
"Selamat sore teh, ini dg nama1 lg nyari kosan perbulan. Apakah ada yg kosong teh disana? Terima kasih.",selamat sore teh ini dg nama1 lagi nyari kosan perbulan apakah ada yang kosong teh disana terima kasih,0
Rp29rb/bln utk 3 bln (hrg normal Rp59rb utk bln ke-4 dst) bisa NELPON & SMS SEPUASNYA ke IM3 plus kuota 1+1GB(4G)+10GB (4G).Mau? Ketik YA ke 919 sd 21 Juni 2016,rp29rb bln untuk 3 bln hrg normal rp59rb untuk bln ke 4 dst bisa nelpon sms sepuasnya ke im3 plus kuota 1 1gb 4g 10gb 4g mau ketik ya ke 919 sd 21 juni 2016,1
"Dapatkan Segera TIKET Murah & Promo DiTRAVEL Kmi,Untuk Penerbangan Domestik & Internasional ONLINE BOOKING 24 Jam Anda Berminat Hub:085318303276",dapatkan segera tiket murah promo ditravel kmi untuk penerbangan domestik internasional online booking 24 jam anda berminat hubungi 085318303276,1
Kalo daftar doang tapi belum tentu jadi prasidang boleh ga?,kalau daftar saja tapi belum tentu jadi prasidang boleh tidak,0
Pembayaran'nya bulan ini kalau mau di bayar harap telpon/sms dulu ke atasan kami Bpk.DEDY. Hp;085221118517.Terima kasih.,pembayaran nya bulan ini kalau mau di bayar harap telpon sms dulu ke atasan kami bpk dedy handphone 08522118517 terima kasih,1
"Kemudahan dan Keamanan bisnis TOGEL kini Berbentuk online, Bergabung dan raih keberuntungan anda di www.brotogel6.com Satu-satunya situs togel online terpercaya",kemudahan dan keamanan bisnis togel kini berbentuk online bergabung dan raih keberuntungan anda di link satu satunya situs togel online terpercaya,1
ouhhh gitu yaudah ntar besok aku chat lagi kalo aku mo ngampus,ouhh gitu yaudah nanti besok saya chat lagi kalau saya mo ngampus,0
Memperbaiki bug2 karna ganti db bbrp. Lg enak nonton td ditelfon 😂,memperbaiki bug2 karena ganti db bbrp lagi enak nonton tadi ditelfon,0
Ntar aku kirim link nya,nanti saya kirim link nya,0
Udah aa aa semua sih. Makan mah sama cewek2. Lupa ih mukanya dy aku gak bisa nginget wajah hahaha,sudah aa aa semua sih makan mah sama cewek2 lupa ih mukanya dy saya tidak bisa nginget wajah hahaha,0
Tp klo jd mmber mh bsa lbh murah dil,tp klo jd mmber mh bsa lbh murah dil,0
Kan ini karna bulan baru qaqa 😂 bisa ngomong gituch,kan ini karena bulan baru qaqa bisa ngomong gituch,0
Gaes gaes mau drakor gaes besok yawww,gaes gaes mau drakor gaes besok yaww,0
No.ID Pengisian pulsa M-Tronil Anda (672AT88) Mendapatkan HADIAH PROGRAM Poin isi ulang M-Tronik U/info Resmi Pemenang klik www.isiulangmtronik.webs.com,no id pengisian pulsa m tronil anda 672at88 mendapatkan hadiah program poin isi ulang m tronik untuk informasi resmi pemenang klik link,1
Setting ponsel akan segera dikirimkan. Masukkan PIN: 1111 jika diminta. Terimakasih,setting ponsel akan segera dikirimkan masukkan pin 11 jika diminta terimakasih,0
"INDOMARCOCELL Menawarkan jdi agenPULSA MKIOS 1CHIP ke semua Oprator harga; V.5=4000, V.10=8000, V.20=16000, Cara gabung ketik:DAFTAR kirim ke 08977628977 #Melukiskan rasa ku tentang kita..",indomarcocell menawarkan jdi agenpulsa mkios 1chip ke semua oprator harga v 5 400 v 10 800 v 20 1600 cara gabung ketik daftar kirim ke 08977628977 melukiskan rasa ku tentang kita,1
Gaada buat yg bukan temen mah,gaada untuk yang bukan temen mah,0
nama1 dah selesei blm machine learningnya ?,nama1 dah selesei belum machine learningnya,0
"Bapak tukokno pulsa AS ndisek 20ribu iki nmrku anyar 085316079211 cepet saiki tak enteni,penteng bpk ada msalah dikantor polisi,jangan dulu sms/tlp",bapak tukokno pulsa as ndisek 20ribu iki nmrku anyar 085316079211 cepet saiki tidak enteni penteng bpk ada msalah dikantor polisi jangan dulu sms telepon,1
"Sticker LINE yang lucu-lucu banyak banget loh, beli yuk dengan pulsamu, gampang banget, coba yuk",sticker line yang lucu lucu banyak banget loh beli yuk dengan pulsamu gampang banget coba yuk,1
"Terima kasih telah menjadi Sahabat IndosatOoredoo, dapatkan Video & Game seru + Gratis telp di *323*2#",terima kasih telah menjadi sahabat indosatooredoo dapatkan video game seru gratis telepon di 323 2,1
Blm aku cek min mau apa? Kalau penting bgt nanti aku gedorin,belum saya cek min mau apa kalau penting banget nanti saya gedorin,0
"Penawaran Spesial, Obral Paket Data 1.5 GB(00-24)+nelpon sepuasnya ke nmr Indosat hanya Rp20rb utk 1minggu.Daftar skrg ketik YA ke 929 berlaku hari ini RTX1",penawaran spesial obral paket data 1 5 gb 00 24 nelpon sepuasnya ke nmr indosat hanya rp20rb untuk 1minggu daftar sekarang ketik ya ke 929 berlaku hari ini rtx1,1
PT. GARSINDO Cari agen jual pulsa M-kios All Operator transaksi 24 jam dgn harga ; V5 = 4500 V10=8500 V20= 18000 U/Gabung kirim ke :085318655616,pt garsindo cari agen jual pulsa m kios all operator transaksi 24 jam dengan harga v5 4500 v10 8500 v20 1800 untuk gabung kirim ke 085318655616,1
Usul: Anak sospol dan yg berminat turun deh. Pelajari ttg ini,usul anak sospol dan yang berminat turun deh pelajari ttg ini,0
Ini Rekeningnya BRI. Rek: 0881-1010-3433-4506 A/n.RASTO MURDOYO.,ini rekeningnya bri rekening 0881 1010 3433 4506 a n rasto murdoyo,1
SLMT!!! NO anda m-dpt mobil AVANZA dr kartu AS di undi td malam di metro TV pkl : 23.00 wib u/info klik : www.telkomsell.jimdo atau/Hub : 0016285286552555,selamat no anda m dapat mobil avanza dari kartu as di undi tadi malam di metro tv pkl 23 00 wib untuk informasi klik link atau hubungi 001628528655255,1
"Selamat pagi pak, untuk data table yg dibutuhkan sudah saya email. Apakah email saya msk Pak?",selamat pagi pak untuk data table yang dibutuhkan sudah saya email apakah email saya msk pak,0
PESAN RESMI Selamat No. Simcard Anda M-dptkan hadiah Cek Rp.100juta dr TRI CARE Pin: 7Y7R8K9Z 089636298565 Info klik: www.bima3care78.blogspot.com,pesan resmi selamat no simcard anda m dptkan hadiah cek rupiah 100juta dari tri care pin 7y7r8k9z 089636298565 informasi klik link,1
"Nikmati DOUBLE kuota PROMO 10GB(4G) di jaringan Data terkuat, UNLIMITED Nelp&SMS. 24JAM, dgn pkt Freedom Combo. Tekan *123# atau indosatooredoo.com/freedom",nikmati double kuota promo 10gb 4g di jaringan data terkuat unlimited nelp sms 24jam dengan pkt freedom combo tekan 123 atau indosatooredoo com freedom,1
"Sama ini, misal ini web di pake dan dapet komisi tuh, nah kita kecipratan ga? Nanya aja, hehe. Da gapapa meren nanya gitu. Engga kecipratan juga hapapa, tapi seengganya di web nya ada.",sama ini misal ini web di pake dan dapet komisi tuh nah kita kecipratan tidak nanya saja tertawa da gapapa meren nanya gitu engga kecipratan juga hapapa tapi seengganya di web nya ada,0
Tp aku masih lucu ngebayangin kalian pacaran teh hahahaha,tp saya masih lucu ngebayangin kalian pacaran teh hahahaha,0
AndiPublisher.com#PO0216020925#96000#02-02-2016#BNI#Bank Mandiri,andipublisher compo021602092596002 02 2016bnibank mandiri,0
"Melayani fasilitas pinjaman dana tunai melalui jaminan BPKB mobil. Cover area seluruh daerah Indonesia..bunga 0,8 -1% flat /bulan, No BI Cheking, proses cepat,, data lngsng dijemput pihak survey kami(BFI finance) Hub Oktra Mariadi Sihaloho Cp : 082122483312",melayani fasilitas pinjaman dana tunai melalui jaminan bpkb mobil cover area seluruh daerah indonesia bunga 0 8 1 flat bulan no bi cheking proses cepat data lngsng dijemput pihak survey kami bfi finance hubungi oktra mariadi sihaloho cp 082122483312,1
ok nanti saya lihat dengan kehadiran. Siapa lagi yg nyaris2 nilainya?,ok nanti saya lihat dengan kehadiran siapa lagi yang nyaris2 nilainya,0
Aku senin udah ke tempat kerja. Minggu2 depan aku gaktau bisa/ngga :(,saya senin sudah ke tempat kerja minggu2 depan saya gaktau bisa tidak,0
Mau minta kirim foto2 selempang yg kita waktu itu dong. Makasihhh,mau minta kirim foto2 selempang yang kita waktu itu dong makasihh,0
"Casino online terbesar, www.jayabet4.com , daftarkan diri+ Raih bonus referral+ bonus cashback sportsbook 0.25% setiap minggu. Mainkan di Smartphone dan PC anda",casino online terbesar link daftarkan diri raih bonus referral bonus cashback sportsbook 0 25 setiap minggu mainkan di smartphone dan pc anda,1
"Kalo pacaran jg harus cowonya yg lebih sayang guys, biar ga ngebatin",kalau pacaran juga harus cowonya yang lebih sayang guys biar tidak ngebatin,0
meganai Ruma bpk/ibu yg mau di jual sd di surpai dan sy berminat sy tlpn tdk bisa tembus masalah harga hub suami sy 085399700354 Dr.H.IRAWAN,meganai ruma bpk ibu yang mau di jual sd di surpai dan saya berminat saya tlpn tidak bisa tembus masalah harga hubungi suami saya 085399700354 dari h irawan,1
"Ayo kawal pemanfaatan subsidi BBM & Kompensasi bagi yang berhak! Pengaduan, ketik BBM (spasi) isi pesan. Kirim 1708",ayo kawal pemanfaatan subsidi bbm kompensasi bagi yang berhak pengaduan ketik bbm spasi isi pesan kirim 1708,1
Terpilih dapat cek 27jt. KODE TRIPLE CEK ANDA (02599875) U/Info Klik Website www.undianbri.co.vu,terpilih dapat cek 27jt kode triple cek anda 02599875 untuk informasi klik website link,1
Dapatkan Disc 20% di McDonalds khusus utk pembayaran dgn TCASH TAP!Dptkan stiker TCASH TAP di graPARI terdekat. Info tsel.me/tappromo,dapatkan disc 20 di mcdonalds khusus untuk pembayaran dengan tcash tap dptkan stiker tcash tap di grapari terdekat informasi tsel me tappromo,1
"Eh iyaa gais kadonya udah aku kasih yaa, kata nama1 makasihh sama maaf kalau ada salah. Minggu ini udah mau ke samarinda",eh iyaa gais kadonya sudah saya kasih yaa kata nama1 makasihh sama maaf kalau ada salah minggu ini sudah mau ke samarinda,0
"Anda akan membeli Paket Gampang Internetan Rp.1250 utk Chatting Sepuasnya (BBM, WhatsApp dan Line)/1 hari.Jika setuju balas FLASH<spasi>YA kirim ke 3636 utk melanjutkan.Tunggu SMS konfirmasi sblm pemakaian.Info detail tariff lihat di Tsel.me/internet ",anda akan membeli paket gampang internetan rupiah 1250 untuk chatting sepuasnya bbm whatsapp dan line 1 hari jika setuju balas flash spasi ya kirim ke 3636 untuk melanjutkan tunggu sms konfirmasi sblm pemakaian informasi detail tariff lihat di tsel me internet,1
Paket tadi sore mendadak habis.,paket tadi sore mendadak habis,0
Taqoballahu Minna waminkum. #SelamatMenyambutKemenangan,taqoballahu minna waminkum selamatmenyambutkemenangan,0
"Selamatkan diri kalian guys, karna ""lulus bareng"" hanyalah kata hiburan semata",selamatkan diri kalian guys karena lulus bareng hanyalah kata hiburan semata,0
Aku dy wkwk makanya kurang direstui jg krna kejauhan,saya dy tertawa makanya kurang direstui juga krna kejauhan,0
Iya ih ko sedih sih gtau kapan lg ke bandung :(,iya ih ko sedih sih gtau kapan lagi ke bandung,0
Udah lama ga bimbingan 😂,sudah lama tidak bimbingan,0
"Dapatkan EXTRA kuota 2GB 4G LTE dan EXTRA nelpon hingga 100mnt/1hr dg beli paket FLASH mulai 1GB di MY TELKOMSEL APP. Buruan, cek  di tsel.me/mytsel1 S&K",dapatkan extra kuota 2gb 4g lte dan extra nelpon hingga 100mnt 1hr dg beli paket flash mulai 1gb di my telkomsel app buruan cek di tsel me mytsel1 s k,1
PESAN RESMI DR TRI-CARE INDONESIA 2016 selamat No.anda mendptkn hadiah dgn No.PIN pemenang;47BL759 U/imfo silahkan kunjungi; www.bima3care2016.jimdo.com,pesan resmi dari tri care indonesia 2016 selamat no anda mendptkn hadiah dengan no pin pemenang 47bl759 untuk imfo silahkan kunjungi link,1
Penggunaan terakhir anda adalah 35417.00 dan telah memenuhi pemakaian pulsa minimum. Masa aktif kartu anda diperpanjang selama 30 hari dan akan aktif sampai 04/10/2016,penggunaan terakhir anda adalah 35417 00 dan telah memenuhi pemakaian pulsa minimum masa aktif kartu anda diperpanjang selama 30 hari dan akan aktif sampai 04 10 2016,0
"Sy RUDI di jambi, bgi tman2 yg sering kalah Togel saatnya kalahkan bandar hub mbah ROS 082325557768 di jamin tembus, sy sdh buktikan 4D 50jt.",saya rudi di jambi bgi tman2 yang sering kalah togel saatnya kalahkan bandar hubungi mbah ros 08232557768 di jamin tembus saya sudah buktikan 4d 50jt,1
Paket Super Murah 2 pcs c strip/1 Ayam sayap+nasi+teh pucuk Rp.15.909.Tukarkan SMS ini di CFC YOGYA SUBANG hari ini!Selama persediaan masih ada.Promo *606#,paket super murah 2 pcs c strip 1 ayam sayap nasi teh pucuk rupiah 15 909 tukarkan sms ini di cfc yogya subang hari ini selama persediaan masih ada promo 606,1
oke. bentar aku solat dulu,oke bentar saya solat dulu,0
"Seminar ke Denpasar Bali mewakili kemahasiswaan & kewirausahaan dapat biaya transport Rp 10 juta. Nomor Peserta 100/semnas/9997175/dikti/2011. Direktur Kemahasiswaan DIKTI Prof. Dr. Joko Purwanto, M.Si. Hubungi 081281108799 Wahyudin Zarkasi. No. referensi PTX:001/3591/0100/1572/503",seminar ke denpasar bali mewakili kemahasiswaan kewirausahaan dapat biaya transport rupiah 10 juta nomor peserta 100 semnas 997175 dikti 2011 direktur kemahasiswaan dikti prof dari joko purwanto m si hubungi 081281108799 wahyudin zarkasi no referensi ptx 001 3591 0100 1572 503,1
nama1 ntr aku ke kosan kamu yaaaaa,nama1 nanti saya ke kosan kamu yaa,0
Scroll up down olshop nama1,scroll up down olshop nama1,0
"Pelanggan Yth, Selamat, Anda men-dpt hadiah dr: Pengundian PT . INDOFOOD POPMIE pin anda FH53X77, U/info klik:www.pop-mie-indofood.webs.com",pelanggan yang terhormat selamat anda men dapat hadiah dari pengundian pt indofood popmie pin anda fh53x77 untuk informasi klik link,1
Mau Uang Tunai 1jt?Ayo gabung layanan Video Cliponyu & Keluarkan jurus gombal-mu yg paling dahsyat utk host2 cantik Cliponyu. Ketik CLIP ke 99900.CS:02129657333,mau uang tunai 1jt ayo gabung layanan video cliponyu keluarkan jurus gombal mu yang paling dahsyat untuk host2 cantik cliponyu ketik clip ke 9900 cs 0212965733,1
Wah iya dy?haha sabar bgt anaknya teh jd we aku yg gtau diri ngomong seenaknya :(,wah iya dy tertawa sabar banget anaknya teh jd we saya yang gtau diri ngomong seenaknya,0
"Paket Internet BRONET 24 JAM 2GB, 60hr Kamu sudah aktif & otomatis diperpanjang 27-10-2016 jam 23:59. Info838",paket internet bronet 24 jam 2gb 60hr kamu sudah aktif otomatis diperpanjang 27 10 2016 jam 23 59 info838,1
"Plg yth, selamat nomor 3Care anda terpilih mendptkan Hadiah Cek tunai Rp.45jt dr program Undian 3care PIN:7711CA88 Info klik: www.tricare2016.jimdo.com",pelanggan yang terhormat selamat nomor 3care anda terpilih mendapatkan hadiah cek tunai rupiah 45jt dari program undian 3care pin 7711ca88 informasi klik link,1
Maaf kaprodi kita itu siapa yah hehe,maaf kaprodi kita itu siapa yah tertawa,0
"MEGA CELL Cari agen pulsa 1 Cip ke semua Operator Harga : V.5 = 4000 V.10 =8000 V.20 =16rb, dll Berminat ketik INFO kirim ke :085352444400",mega cell cari agen pulsa 1 cip ke semua operator harga v 5 400 v 10 800 v 20 16rb dll berminat ketik informasi kirim ke 0853524400,1
"yahh masih lama ya, urgent ini wkwk",yahh masih lama ya urgent ini tertawa,0
"Jangan sampai kehabisan, HARI INI di Baskin Robbins Value Scoop cuma 35.000 lho! Tunjukkan SMS ini. S&K Berlaku. Promo *606#",jangan sampai kehabisan hari ini di baskin robbins value scoop cuma 35 00 lho tunjukkan sms ini s k berlaku promo 606,1
Bu mau mastiin ketemu di jica kan Bu?,bu mau mastiin ketemu di jica kan bu,0
Waktu itu malas sep hihi. Dilihat jd lebih rapih aja 😆👍,waktu itu malas sep hihi dilihat jd lebih rapih saja,0
PESAN RESMI Selamat NO Simcard anda M-dptkam hadiah cek.Rp.35juta dr TRI CARE pin:7Y7R8K9Z info keik: www.id-tricare2016.blogspot.com,pesan resmi selamat no simcard anda m dptkam hadiah cek rupiah 35juta dari tri care pin 7y7r8k9z informasi keik link,1
"sok saya bebas gmna kalian, bsok hayu , jumat oke",sok saya bebas gmna kalian bsok hayu jumat oke,0
"Slmt simCARD anda 08562XXXXXX mdpat cek tunai Rp.49jt PIN (RWD2749) info CS,085691371116 atau kunjungi www.indosat-id.jimdo.com",selamat simcard anda 08562xx mdpat cek tunai rupiah 49jt pin rwd2749 informasi cs 08569137116 atau kunjungi link,1
"Di sini saja uangnya ditransfer ke rek Bank xxx (4413-0100-0226-XXX) A/N xxx, kalau sudah SMS di no ini 085215113xxx",di sini saja uangnya ditransfer ke rekening bank xx 4413 0100 0226 xx a n xx kalau sudah sms di no ini 085215113xx,1
"Selamat!! Anda Men’dpt hadiah Rp.75juta. Dari TELKOMSELpoin ""Periode maret"" PIN anda(33c7) Hub kntr pusat: 082113720777 Ir.Wardoyo).",selamat anda men dapat hadiah rupiah 75juta dari telkomselpoin periode maret pin anda 33c7 hubungi kntr pusat 08211372077 ir wardoyo,1
"Dijual ticket SUPER JUNIOR TGL 28/29 APRIL dan LADY GAGA TGL 03 JUNI harga Gold=2,25jt tribun3=1,25jt info hub;0853-9937-1888 lady-ticket.webs.com",dijual ticket super junior tgl 28 29 april dan lady gaga tgl 03 juni harga gold 2 25jt tribun3 1 25jt informasi hubungi 0853 9937 188 lady ticket webs com,1
Kalo satpam tanya bilang aja ketemu saya,kalau satpam tanya bilang saja ketemu saya,0
"Belum diuji, pa. Insya Allah siang hari ini mau ke kampus, dan mudah2an pa eka nya ada.",belum diuji pa insya allah siang hari ini mau ke kampus dan mudah2an pa eka nya ada,0
"Ini, Rekeningnya. Bank BNI No.rek.0277285682 A/n.WAHYUDI ALAMSYAH sms klo sudah dikirim",ini rekeningnya bank bni no rekening 0277285682 a n wahyudi alamsyah sms klo sudah dikirim,1
nama1  beaok bwrangkat pagi...mau cas atay tranfer?,nama1 beaok bwrangkat pagi mau cas atay tranfer,0
Domino's PAN PIZZA!Rotinya lebih tebal dgn keju terasa sampai pinggir! Nikmati Disc.30% dimulai Rp45.500.Kunjungi toko terdekat/telf 1500366/Klik panpizza.co.id,domino s pan pizza rotinya lebih tebal dengan keju terasa sampai pinggir nikmati disc 30 dimulai rp45 500 kunjungi toko terdekat telf 1500366 klik panpizza co id,1
Senin mah pelepasan doang kan? Aku brngktnya selasa apa egi senin berangktnya? ,senin mah pelepasan saja kan saya brngktnya selasa apa egi senin berangktnya,0
"De inih bapa pake no temen, tolong kirimin pulsa ke no inih soalnya penring banget, nanti di rumah digantiin",de inih bapa pake no temen tolong kirimin pulsa ke no inih soalnya penring banget nanti di rumah digantiin,1
Yth Bpk/Ibu. BNI menyatakan Rekening anda terpilih sebagai pemenang hadiah Rp. 35jt. kode cek anda 03299757 info klik www.bankbni2016.blogspot.com,yang terhormat bpk ibu bni menyatakan rekening anda terpilih sebagai pemenang hadiah rupiah 35jt kode cek anda 03299757 informasi klik link,1
"Mau cepat dan ga mau ribet cek pulsa & sisa kuota internetmu? Yuk download aplikasi myCare sekarang juga, atau akses di https://mycare.indosatooredoo.com",mau cepat dan tidak mau ribet cek pulsa sisa kuota internetmu yuk download aplikasi mycare sekarang juga atau akses di link,1
"BONUS KUOTA 500MB (1hr)! Cukup isi ulang min. 5,000 hari ini! Ayo buruan isi pulsa sekarang juga. T514",bonus kuota 500mb 1hr cukup isi ulang min 5 00 hari ini ayo buruan isi pulsa sekarang juga t514,1
"Kocak abis! Mau liat aksi 8 pemuda galau, iseng, dan gokil yang dikepung polisi super cantik? Tonton aja Comic8 via HP kamu cmn 4400/3hr. Ketik FILM3 ke 99677",kocak abis mau liat aksi 8 pemuda galau iseng dan gokil yang dikepung polisi super cantik tonton saja comic8 via handphone kamu cmn 4400 3hr ketik film3 ke 99677,1
Smartfren Gratis Mi-Fi/modem 4G Tahun baru saatnya ganti gadget baru Bawa pulang Mi-Fi 4Gm-mu dg tunjukan sms ini ke Galeri SF & isi pulsa 100rb disana s/d 13Jan Info:888,smartfren gratis mi fi modem 4g tahun baru saatnya ganti gadget baru bawa pulang mi fi 4gm mu dg tunjukan sms ini ke galeri sf isi pulsa 100rb disana s d 13jan informasi 88,1
Gaaais dlm semenit aja aku jd nasabah btpn wkwk,gaais dalam semenit saja saya jd nasabah btpn tertawa,0
Udh teh kata bapa bsk kekantor cuman blm dbls lg jamber.. jd blm pasti jg,sudah teh kata bapa bsk kekantor cuman belum dbls lagi jamber jd belum pasti juga,0
DOUBLE kuota internet plus UNLIMITED Telpon dan SMS dengan Paket Freedom Combo dari Indosat Ooredoo. Segera hub *123# atau www.indosatooredoo.com/freedom,double kuota internet plus unlimited telpon dan sms dengan paket freedom combo dari indosat ooredoo segera hubungi 123 atau link,1
Kasih norek aja kesebelah. Siapa tau ada yg mau. Mereka jg punya hak untk udunan wkwk. Bilang bts waktu trfr. Kalau ada niat pasti segera kok.,kasih norek saja kesebelah siapa tau ada yang mau mereka juga punya hak untk udunan tertawa bilang bts waktu trfr kalau ada niat pasti segera kok,0
nama1 udah diperpus nama1.. yuk kesini tika tugu diperpus ya,nama1 sudah diperpus nama1 yuk kesini tika tugu diperpus ya,0
Eh tp jam 5 pas dong jgn malem hbs mgrib. Aku takut plg wk,eh tp jam 5 pas dong jangan malem hbs mgrib saya takut pelanggan wk,0
Selamat Anda telah mendapatkan BONUS pulsa Rp 100.000 ke sesama Indosat Ooredoo berlaku 3 hari dan Poin senyum Anda bertambah. Cek bonus *557*8#,selamat anda telah mendapatkan bonus pulsa rupiah 100 00 ke sesama indosat ooredoo berlaku 3 hari dan poin senyum anda bertambah cek bonus 557 8,1
"Cobaan itu teh dy, kadang cewe mah overthink dan overreact",cobaan itu teh dy kadang cewe mah overthink dan overreact,0
"bebas nama1, terus nanti kalau ada tgl libur, pajuin aja misal jadi kamis atau sabtu.",bebas nama1 terus nanti kalau ada tgl libur pajuin saja misal jadi kamis atau sabtu,0
"Wooh ada yg mau nikah lagi, udah lulus langsung diiket",wooh ada yang mau nikah lagi sudah lulus langsung diiket,0
"Bisa Internetan 1,5GB CUMA dengan 20rb, paket berlaku 90 hari. MAU?? Ketik YA ke 919. Penawaran berlaku s/d 8 Januari 2016",bisa internetan 1 5gb cuma dengan 20rb paket berlaku 90 hari mau ketik ya ke 919 penawaran berlaku s d 8 januari 2016,1
"Gais kata aku kita ngantor tgl 4 sekalian bawa form penilaian, daftar hadir, form bimbingan. Sekalulian foto.",gais kata saya kita ngantor tgl 4 sekalian bawa form penilaian daftar hadir form bimbingan sekalulian foto,0
Selamat !!! Anda mndptkan cek tunai Rp.27jt dr PT.Bank Rakyat Indonesia pin anda:ijh76k79 u/info klik www.bri-untungbeliung.blogspot.com atau hub:021-3677-1839,selamat anda mendapatkan cek tunai rupiah 27jt dari pt bank rakyat indonesia pin anda ijh76k79 untuk informasi klik link atau hubungi 021 3677 1839,1
"Ass, Sy Randy. Mengenai mobil yg sdh sy liat kondisi'y , kebetulan kami berminat. Mohon hub Bapa sy utk dibicarakan hrg netnya; Dr.H.DARMAWAN 0812xxxxxxx",ass saya randy mengenai mobil yang sudah saya liat kondisi y kebetulan kami berminat mohon hubungi bapa saya untuk dibicarakan hrg netnya dari h darmawan 0812xx,1
Ya ampuun pak jendral wk,ya ampuun pak jendral wk,0
Layanan VIP GAMES Rp3300/sms 4x/mgg sdh diperpanjang.Nikmati layanan disini:http://live.vipgames.me/?sid=40186483 stop? *123*66#. CS:02152971540,layanan vip games rp3300 sms 4x mgg sudah diperpanjang nikmati layanan disini link stop 123 66 cs 02152971540,1
"Itu teh sebenernya krna terlalu sakit sma orang itu nuy, padahal kalo udah nemu orang baru mah pasti rasanya beda",itu teh sebenernya krna terlalu sakit sma orang itu nuy padahal kalau sudah nemu orang baru mah pasti rasanya beda,0
Wow! Promo diperpanjang sd 13 Agt. Khusus kamu! Tukar HP Smartfrenmu dengan Andromax E LTE Cuma 709rb dr 999rb. Ayo datangi Gallery Smartfren terdekat.,wow promo diperpanjang sd 13 agt khusus kamu tukar handphone smartfrenmu dengan andromax e lte cuma 709rb dari 99rb ayo datangi gallery smartfren terdekat,1
Sundae min sirup kiwi pake cochochips :*,sundae min sirup kiwi pake cochochips,0
Masih boleh ikutan gaaaa wkwkwkwk,masih boleh ikutan gaa wkwkwkwk,0
Surat keputusan PT.TRI.3 SimCard anda Resmi M-dptakan Hadiah HONDA JAZZ Rs Pin Undian: 477BFG7S. Info Hub: 089667794299 KLIK : www.gebyar-tricare.com,surat keputusan pt tri 3 simcard anda resmi m dptakan hadiah honda jazz rs pin undian 477bfg7s informasi hubungi 089667794299 klik link,1
pembayaran anda sudah jatuh tempo silahkan melapor/M-HUB ke Kantor 082327327705 terima kasih,pembayaran anda sudah jatuh tempo silahkan melapor m hubungi ke kantor 082327327705 terima kasih,1
Kalau mau bikin model/controller mending per apa y?,kalau mau bikin model controller mending per apa y,0
"Pas sma gak pernah, tp kuliah disini org tua aku udah 2x pulang kampung",pas sma tidak pernah tp kuliah disini org tua saya sudah 2x pulang kampung,0
Wihh nyimper kopernya dmn? Motor gigi kan?,wihh nyimper kopernya dmn motor gigi kan,0
"Sy Dr.Rimbawan(Dirmawa IPB)Yth,Jajang Roni Aunul Kholik(NIM:E14090090)Di minta Hbngi Skrng Prof.Dr.Ir.Yonny Koesmaryono,MS.0819882923.Di Tunjuk Hadir Seminar Pengembangan Karakter Mahasiswa Dari Dikti Tgl 14/15 April di Htl Nusa Dua Bali,Trims.",saya dari rimbawan dirmawa ipb yang terhormat jajang roni aunul kholik nim e14090090 di minta hbngi skrng prof dari ir yonny koesmaryono ms 0819882923 di tunjuk hadir seminar pengembangan karakter mahasiswa dari dikti tgl 14 15 april di htl nusa dua bali trims,1
GEBYAR telkomselpoin 2013 no anda trpilih pemenang ke-4 pin 277fg49 silahkan verifikasi pin anda disitus resmi www.t-selpoinhadiah.jimdo.com,gebyar telkomselpoin 2013 no anda trpilih pemenang ke 4 pin 277fg49 silahkan verifikasi pin anda disitus resmi link,1
"plgn yth,TRI dan MNCTV sudah mengumumkan nomor anda pada tgl:03-Maret-2015 pagi tapi tdk tersambung jadi saya DESI HERMAWATI Costumer Servis TRI di PLAZA SEMANGGI Lt1 jl,JEND SUDIRMAN KAV50 JKT PST Mengirimkan sms penting sebelum jatuh tempo bahwa nomor simcard tri anda menang undian PESTA INTERNET TRI hadiah ke2 TOYOTA NEW YARIS,PIN anda:2d7id99.Info resmi klik;www.internet-tri.jimdo.com",plgn yang terhormat tri dan mnctv sudah mengumumkan nomor anda pada tgl 03 maret 2015 pagi tapi tidak tersambung jadi saya desi hermawati costumer servis tri di plaza semanggi lt1 jl jend sudirman kav50 jkt pst mengirimkan sms penting sebelum jatuh tempo bahwa nomor simcard tri anda menang undian pesta internet tri hadiah ke2 toyota new yaris pin anda 2d7id99 informasi resmi klik link,1
Hehe sudah sep ku jebol pake solder tp jd jelek 😂😂,tertawa sudah sep ku jebol pake solder tp jd jelek,0
Numpang berteduh wkwk. Aku tak punya tempat tujuan~,numpang berteduh tertawa saya tidak punya tempat tujuan,0
"TrmKsh Anda Tlh Berhasil Mengisi Pulsa SMARTFREN 10.000.Mau Jualan PULSA/BAYAR LISTRIK,SPEEDY/TELKOM Hub:Agen BAROKAH/Mp Reload.Pasti untung?",trmksh anda tlh berhasil mengisi pulsa smartfren 10 00 mau jualan pulsa bayar listrik speedy telkom hubungi agen barokah mp reload pasti untung,1
"maaaaaaaaf, aku lupaaa, hp aku baru nyala dadi pagi belum pulang ke kosan, maaf pisaaaan :(",maaf saya lupaa handphone saya baru nyala dadi pagi belum pulang ke kosan maaf pisaan,0
"Tolong uangnya dikirim aja kesini BANK DANAMON a/n Farida hanum No rek. 0035-3918- 4014 SMS aja klo udah dikirim, Trims",tolong uangnya dikirim saja kesini bank danamon a n farida hanum no rekening 0035 3918 4014 sms saja klo sudah dikirim trims,1
Kalo engga belakang aqila ada 600/bulan gatau masih apa engga deh,kalau engga belakang aqila ada 600 bulan gatau masih apa engga deh,0
"Dapatkan voucher Cipika Rp 100rb utk belanja kuliner, gadget, fashion, dll. Tkn *123*45# pilih Cipika, GRATIS & terbatas. Info: www.indosatooredoo.com/12345",dapatkan voucher cipika rupiah 100rb untuk belanja kuliner gadget fashion dll tkn 123 45 pilih cipika gratis terbatas informasi link,1
tapi kuliahnya sekarang. SP sebenarnya tidak boleh untuk kuliah yg ada praktikum.,tapi kuliahnya sekarang sp sebenarnya tidak boleh untuk kuliah yang ada praktikum,0
GRATIS Whatsapp seharian! Cukup beli Internet Harian 100MB seharga Rp1500. Balas SMS ini dgn ketik JR utk membeli. N091,gratis whatsapp seharian cukup beli internet harian 100mb seharga rp1500 balas sms ini dengan ketik jr untuk membeli n091,1
"Yuk tetap gunakan Flash Volume Ultima utk update informasi Anda, kuota 60MB/7hr mulai Rp7rb di *100*431#. Tarif&lokasi cek di tsel.me/FL",yuk tetap gunakan flash volume ultima untuk update informasi anda kuota 60mb 7hr mulai rp7rb di 100 431 tarif lokasi cek di tsel me fl,1
km dari BANK BRI Sdh tlp tdk bs jd km SMS No.PIN Pemenang anda KG65H8K9 M-dpt HADIAH dari Untung Bliung BritAma Info klik www.HadiahkejutangBri.blogspot.com,kamu dari bank bri sudah telepon tidak bs jd kamu sms no pin pemenang anda kg65h8k9 m dapat hadiah dari untung bliung britama informasi klik link,1
"Sayang belikn aq pulsa di nmr ini, 085215126428, nanti aq yg telp km, ini aq pake hp tmn, skrg yacc!",sayang belikn saya pulsa di nmr ini 085215126428 nanti saya yang telepon kamu ini saya pake handphone tmn sekarang yacc,1
"Assalamu alaikum,saya RESKI dr Costumer Servis TRI PLAZA SEMANGGI lt.1 JL.jend sudirman jkt pst sdh m-hubungi anda waktu pengundian di lakukan tapi no.anda tdk tersambung, jd kami krimkn lwt SMS sebelum jatuh tempo, bahwa no.anda menang undian dr TRI 2014 jenis hadiah 1unit mobil SUZUKI ERTIGA NEW,dengan PIN 2D45CS77, jadi silahkan cek terlebih dahulu di website; www.tricare.jimdo.com /hub; 021-40161777 / 08994179888 ",assalamu alaikum saya reski dari costumer servis tri plaza semanggi lt 1 jl jend sudirman jkt pst sudah m hubungi anda waktu pengundian di lakukan tapi no anda tidak tersambung jd kami krimkn lwt sms sebelum jatuh tempo bahwa no anda menang undian dari tri 2014 jenis hadiah 1unit mobil suzuki ertiga new dengan pin 2d45cs77 jadi silahkan cek terlebih dahulu di website link hubungi 021 4016177 0899417988,1
"nama1  gedung manunggal tridaya pucakti pusenkav teh 1,5 ternyata wkwk",nama1 gedung manunggal tridaya pucakti pusenkav teh 1 5 ternyata tertawa,0
"INFO. DANA TUNAI TANPA JAMINAN 20 - 250 JUTA, BUNGA 1,50%, SYARAT PEMILIK KARTU KREDIT PROSES 3 HARI KERJA CALL. FIRLI 021 93417219",informasi dana tunai tanpa jaminan 20 250 juta bunga 1 50 syarat pemilik kartu kredit proses 3 hari kerja call firli 021 93417219,1
Blm beres sep. Malah byk bug,belum beres sep malah byk bug,0
Gais aku sudah brgkt. Mau matiin hp,gais saya sudah brgkt mau matiin handphone,0
Iya put alat masak makan mah aku usahain ada,iya put alat masak makan mah saya usahain ada,0
"gatau tadi bapa nya keburu jumatan , pokonya suruh ngumpul dlu gt katanya ",gatau tadi bapa nya keburu jumatan pokonya suruh ngumpul dlu gt katanya,0
"Paket super Ngebut 3.5GB, 30hr, Rp25rb Anda sudah aktif. Nikmati 500MB di 12.00:24.00 & 3G di 00:00-12:00 di 3G. Diperpanjang pada 11-Mar-2013 jam 23:59. Info 817",paket super ngebut 3 5gb 30hr rp25rb anda sudah aktif nikmati 500mb di 12 00 24 00 3g di 00 00 12 00 di 3g diperpanjang pada 11 mar 2013 jam 23 59 informasi 817,1
Dapatkan saldo bermain sebesar Rp 125rb hanya dengan bayar Rp 75rb. Berlaku hari Senin-Kamis. Tukarkan SMS ini segera di Timezone terdekat! Promo *606#,dapatkan saldo bermain sebesar rupiah 125rb hanya dengan bayar rupiah 75rb berlaku hari senin kamis tukarkan sms ini segera di timezone terdekat promo 606,1
Enakaa ajaaa gw diantar cowok gw yaa bukan dijmput nama1,enakaa ajaa saya diantar cowok saya yaa bukan dijmput nama1,0
Dptkan e-tiket Promo Untuk Penerbangan Domestic & Internasional Booking ONLINE 24 jam Info Hub : 081316899123,dptkan e tiket promo untuk penerbangan domestic internasional booking online 24 jam informasi hubungi 081316899123,1
*ngsih bunga ato coklat min ,ngsih bunga ato coklat min,0
"Semau-maunya kita ama orang, gak bakal jadi kalau gak jodoh. Segeleh-gelehnya pasti bakal nikah kalopun jodoh",semau maunya kita ama orang tidak bakal jadi kalau tidak jodoh segeleh gelehnya pasti bakal nikah kalopun jodoh,0
Waalaikumsalamin apa yg dpt saya bantu min?,waalaikumsalamin apa yang dapat saya bantu min,0
"Yank tlong isi’in aku pulsa 10rb, di no ini,082189983017 nanti aq yg tlpn yacc!",yank tlong isi in saya pulsa 10rb di no ini 082189983017 nanti saya yang tlpn yacc,1
nama1 bisa pakai flash buat animasi ga?? Atau pakai movie maker??,nama1 bisa pakai flash untuk animasi tidak atau pakai movie maker,0
Bntr lg kan mau sholat mel. Nanti keluar upinet kasih tau ya. Males balik ,bntr lagi kan mau sholat mel nanti keluar upinet kasih tau ya males balik,0
"2016-08-07 11:29:47.Plg Yth, sisa kuota Flash Anda 7160KB. Download MyTelkomsel apps di http://tsel.me/tsel utk cek kuota&beli paket Flash atau hub *363#",2016 08 07 11 29 47 pelanggan yang terhormat sisa kuota flash anda 7160kb download mytelkomsel apps di link untuk cek kuota beli paket flash atau hubungi 363,1
"assalamualaikum pak, mohon maaf saya mau tanya pak, apakah remedial dwm harus hadir di tempat pak? apa bisa online? mohon maaf sebelumnya",assalamualaikum pak mohon maaf saya mau tanya pak apakah remedial dwm harus hadir di tempat pak apa bisa online mohon maaf sebelumnya,0
"Selamat, Anda telah membeli Paket Combo Kenyang  Internet As. Cek bonus di *889#.",selamat anda telah membeli paket combo kenyang internet as cek bonus di 889,1
"Selamat Nomor 3care Anda terpilih Mendptkan HADIAH 1unit mobil TOYOTA YARIS, Pin pemenang anda:(8jf2177). U/Info Cek di: www.caretri.blogspot.com",selamat nomor 3care anda terpilih mendapatkan hadiah 1unit mobil toyota yaris pin pemenang anda 8jf2177 untuk informasi cek di link,1
Ada yang 400 rb yang kamar mandinya sama2 kalau yang ada kamar mandi di dalam kalau yang kecil 600 dan yang agak besar 700 rb,ada yang 400 ribu yang kamar mandinya sama sama kalau yang ada kamar mandi di dalam kalau yang kecil 600 dan yang agak besar 700 ribu,0
"Saya blm dpt ttd nama1. Paling kalian duluan aja, saya nyusul sendiri nanti.",saya belum dapat ttd nama1 paling kalian duluan saja saya nyusul sendiri nanti,0
